web-scraper-order,web-scraper-start-url,superficie,prix,adresse,image link,image link-href
"1706205942-1","https://sn.coinafrique.com/categorie/terrains?page=50","Terrain 6 ha -  Nguérigne","900 000 000CFA","Ngaparou, Sénégal","favorite_border1année","https://sn.coinafrique.com/annonce/terrains/terrain-6-ha-nguerigne-3708997"
"1706205942-2","https://sn.coinafrique.com/categorie/terrains?page=50","Terrains 2 ha - Nguérigne","300 000 000CFA","Ngaparou, Sénégal","favorite_border1année","https://sn.coinafrique.com/annonce/terrains/terrains-2-ha-nguerigne-3708993"
"1706205942-3","https://sn.coinafrique.com/categorie/terrains?page=50","Terrains - Gapp","1 500 000CFA","Ndiass, Sénégal","favorite_border1année","https://sn.coinafrique.com/annonce/terrains/terrains-gapp-3708838"
"1706205942-4","https://sn.coinafrique.com/categorie/terrains?page=50","Terrain 150 m2 - Keur massar","9 000 000CFA","Keur Massar, Sénégal","favorite_border1année","https://sn.coinafrique.com/annonce/terrains/terrain-150-m2-keur-massar-3708699"
"1706205942-5","https://sn.coinafrique.com/categorie/terrains?page=50","Vente terrains 150m²  - Rufisque Noflaye","6 000 000CFA","Rufisque, Sénégal","favorite_border1année","https://sn.coinafrique.com/annonce/terrains/vente-terrains-150m-rufisque-noflaye-3708331"
"1706205942-6","https://sn.coinafrique.com/categorie/terrains?page=50","Vente terrains 600 m2 - Thies","60 000 000CFA","Thies, Sénégal","favorite_border1année","https://sn.coinafrique.com/annonce/terrains/vente-terrains-600-m2-thies-3673025"
"1706205942-7","https://sn.coinafrique.com/categorie/terrains?page=50","Terrains 150 m² - Gorom 2","3 500 000CFA","Almadies 2, Dakar, Sénégal","favorite_border1année","https://sn.coinafrique.com/annonce/terrains/terrains-150-m-gorom-2-3708025"
"1706205942-8","https://sn.coinafrique.com/categorie/terrains?page=50","Vente villa à démolir - Tivaoune Wolof","22 000 000CFA","Thies, Sénégal","favorite_border1année","https://sn.coinafrique.com/annonce/terrains/vente-villa-a-demolir-tivaoune-wolof-3707516"
"1706205945-9","https://sn.coinafrique.com/categorie/terrains?page=49","Terrains 150 m2 - Keur Massar","11 000 000CFA","Keur Massar, Sénégal","favorite_border1année","https://sn.coinafrique.com/annonce/terrains/terrains-150-m2-keur-massar-3723860"
"1706205945-10","https://sn.coinafrique.com/categorie/terrains?page=49","Terrain 150 m² - Lac Rose","2 000 000CFA","Grand Yoff, Dakar, Sénégal","favorite_border1année","https://sn.coinafrique.com/annonce/terrains/terrain-150-m-lac-rose-3684262"
"1706205945-11","https://sn.coinafrique.com/categorie/terrains?page=49","Terrain 150 m² - Lac Rose","2 000 000CFA","Grand Yoff, Dakar, Sénégal","favorite_border1année","https://sn.coinafrique.com/annonce/terrains/terrain-150-m-lac-rose-3684227"
"1706205945-12","https://sn.coinafrique.com/categorie/terrains?page=49","Terrain 189 m² - Recasement Almadies","75 000 000CFA","Almadies, Dakar, Sénégal","favorite_border1année","https://sn.coinafrique.com/annonce/terrains/terrain-189-m-recasement-almadies-3684193"
"1706205945-13","https://sn.coinafrique.com/categorie/terrains?page=49","Terrains 150 m² - Bargny cité Sococim","5 500 000CFA","Mariste, Dakar, Sénégal","favorite_border1année","https://sn.coinafrique.com/annonce/terrains/terrains-150-m-bargny-cite-sococim-3684174"
"1706205945-14","https://sn.coinafrique.com/categorie/terrains?page=49","Terrain 150 m² - Zac Mbao","11 000 000CFA","Mariste, Dakar, Sénégal","favorite_border1année","https://sn.coinafrique.com/annonce/terrains/terrain-150-m-zac-mbao-3684186"
"1706205945-15","https://sn.coinafrique.com/categorie/terrains?page=49","Terrain 150 m² - Niakhirate","5 500 000CFA","Mariste, Dakar, Sénégal","favorite_border1année","https://sn.coinafrique.com/annonce/terrains/terrain-150-m-niakhirate-3684162"
"1706205945-16","https://sn.coinafrique.com/categorie/terrains?page=49","Terrain 150 m² - Bambilor","3 500 000CFA","Mariste, Dakar, Sénégal","favorite_border1année","https://sn.coinafrique.com/annonce/terrains/terrain-150-m-bambilor-3684167"
"1706205950-17","https://sn.coinafrique.com/categorie/terrains?page=48","Terrains 160 m²  - Ouest Foire","67 000 000CFA","Ouest Foire, Dakar, Sénégal","favorite_border1année","https://sn.coinafrique.com/annonce/terrains/terrains-160-m-ouest-foire-3741465"
"1706205950-18","https://sn.coinafrique.com/categorie/terrains?page=48","Terrain 150 m² - Bambilor","1 000 000CFA","Dakar, Sénégal","favorite_border1année","https://sn.coinafrique.com/annonce/terrains/terrain-150-m-bambilor-3741274"
"1706205950-19","https://sn.coinafrique.com/categorie/terrains?page=48","Terrain 150 m2 - Sébikotane","2 500 000CFA","Rufisque, Sénégal","favorite_border1année","https://sn.coinafrique.com/annonce/terrains/terrain-150-m2-sebikotane-3741054"
"1706205950-20","https://sn.coinafrique.com/categorie/terrains?page=48","Parcelle 150 m² - Lac Rose","3 000 000CFA","Lac rose, Sénégal","favorite_border1année","https://sn.coinafrique.com/annonce/terrains/parcelle-150-m-lac-rose-3741053"
"1706205950-21","https://sn.coinafrique.com/categorie/terrains?page=48","Terrains 150 m² - Toolou Abdoulaye Wade Keur Masarr","30 000 000CFA","Grand Dakar, Dakar, Sénégal","favorite_border1année","https://sn.coinafrique.com/annonce/terrains/terrains-150-m-toolou-abdoulaye-wade-keur-masarr-3741037"
"1706205950-22","https://sn.coinafrique.com/categorie/terrains?page=48","Terrain 350 m2 - Mboro","12 000 000CFA","Mboro, Sénégal","favorite_border1année","https://sn.coinafrique.com/annonce/terrains/terrain-350-m2-mboro-3740431"
"1706205950-23","https://sn.coinafrique.com/categorie/terrains?page=48","Terrains 200 m²  - Almadies 2","12 000 000CFA","Almadies 2, Dakar, Sénégal","favorite_border1année","https://sn.coinafrique.com/annonce/terrains/terrains-200-m-almadies-2-3740327"
"1706205950-24","https://sn.coinafrique.com/categorie/terrains?page=48","Terrain - Sénégal","3 500 000CFA","Niaga, Sénégal","favorite_border1année","https://sn.coinafrique.com/annonce/terrains/terrain-senegal-3739742"
"1706205954-25","https://sn.coinafrique.com/categorie/terrains?page=47","Terrain 163 m² - Cité Mourtalla 2","75 000 000CFA","Dakar, Sénégal","favorite_border1année","https://sn.coinafrique.com/annonce/terrains/terrain-163-m-cite-mourtalla-2-3760509"
"1706205954-26","https://sn.coinafrique.com/categorie/terrains?page=47","Terrains 165 m²  - Rufisque","14 500 000CFA","Rufisque, Sénégal","favorite_border1année","https://sn.coinafrique.com/annonce/terrains/terrains-165-m-rufisque-3760321"
"1706205954-27","https://sn.coinafrique.com/categorie/terrains?page=47","Terrains 150 m2 - Rufisque","Prix sur demande","Rufisque, Sénégal","favorite_border1année","https://sn.coinafrique.com/annonce/terrains/terrains-150-m2-rufisque-3759878"
"1706205954-28","https://sn.coinafrique.com/categorie/terrains?page=47","Terrains 500 m2 - Touba","6 000 000CFA","Touba, Sénégal","favorite_border1année","https://sn.coinafrique.com/annonce/terrains/terrains-500-m2-touba-3759832"
"1706205954-29","https://sn.coinafrique.com/categorie/terrains?page=47","Terrains 300m²  - Toubab Dialaw","7 000 000CFA","Rufisque, Sénégal","favorite_border1année","https://sn.coinafrique.com/annonce/terrains/terrains-300m-toubab-dialaw-3759546"
"1706205954-30","https://sn.coinafrique.com/categorie/terrains?page=47","Terrains 100 ha  - Diamniadio","35 000CFA","Diamniadio, Sénégal","favorite_border1année","https://sn.coinafrique.com/annonce/terrains/terrains-100-ha-diamniadio-3759343"
"1706205954-31","https://sn.coinafrique.com/categorie/terrains?page=47","Terrains 300m²  - Yoff","65 000 000CFA","Yoff, Dakar, Sénégal","favorite_border1année","https://sn.coinafrique.com/annonce/terrains/terrains-300m-yoff-3758498"
"1706205954-32","https://sn.coinafrique.com/categorie/terrains?page=47","Vente villa à démolir - Niari Tally","90 000 000CFA","Dakar, Sénégal","favorite_border1année","https://sn.coinafrique.com/annonce/terrains/vente-villa-a-demolir-niari-tally-3714350"
"1706205958-33","https://sn.coinafrique.com/categorie/terrains?page=46","Terrain - Lac Rose","3 500 000CFA","Niaga, Sénégal","favorite_border1année","https://sn.coinafrique.com/annonce/terrains/terrain-lac-rose-3780948"
"1706205958-34","https://sn.coinafrique.com/categorie/terrains?page=46","Terrain 150 m² - Bambilor","3 500 000CFA","Rufisque, Sénégal","favorite_border1année","https://sn.coinafrique.com/annonce/terrains/terrain-150-m-bambilor-3741412"
"1706205958-35","https://sn.coinafrique.com/categorie/terrains?page=46","Terrain 200 m²","85 000 000CFA","Almadies, Dakar, Sénégal","favorite_border1année","https://sn.coinafrique.com/annonce/terrains/terrain-200-m-3741386"
"1706205958-36","https://sn.coinafrique.com/categorie/terrains?page=46","Vente villa à démolir 1340 m² - Amitié 1","180 000 000CFA","Almadies, Dakar, Sénégal","favorite_border1année","https://sn.coinafrique.com/annonce/terrains/vente-villa-a-demolir-1340-m-amitie-1-3741394"
"1706205958-37","https://sn.coinafrique.com/categorie/terrains?page=46","Terrain 204 m² - Recasement Almadies 2","80 000 000CFA","Almadies, Dakar, Sénégal","favorite_border1année","https://sn.coinafrique.com/annonce/terrains/terrain-204-m-recasement-almadies-2-3741360"
"1706205958-38","https://sn.coinafrique.com/categorie/terrains?page=46","Terrain 243 m² - Recasement Almadies","70 000 000CFA","Almadies, Dakar, Sénégal","favorite_border1année","https://sn.coinafrique.com/annonce/terrains/terrain-243-m-recasement-almadies-3741379"
"1706205958-39","https://sn.coinafrique.com/categorie/terrains?page=46","Terrains","Prix sur demande","Point E, Dakar, Sénégal","favorite_border1année","https://sn.coinafrique.com/annonce/terrains/terrains-3740558"
"1706205958-40","https://sn.coinafrique.com/categorie/terrains?page=46","Terrain 191 m2 - Zac Mbao","Prix sur demande","Rufisque, Sénégal","favorite_border1année","https://sn.coinafrique.com/annonce/terrains/terrain-191-m2-zac-mbao-3743980"
"1706205961-41","https://sn.coinafrique.com/categorie/terrains?page=45","Terrain 500m² - Nguekhokh","12 000 000CFA","M'bour, Sénégal","favorite_border1année","https://sn.coinafrique.com/annonce/terrains/terrain-500m-nguekhokh-3798728"
"1706205961-42","https://sn.coinafrique.com/categorie/terrains?page=45","Terrains 300m² - Thies","3 750 000CFA","Thies, Sénégal","favorite_border1année","https://sn.coinafrique.com/annonce/terrains/terrains-300m-thies-3798665"
"1706205961-43","https://sn.coinafrique.com/categorie/terrains?page=45","Terrain  340 m2 - Diass Carrefour","2 500 000CFA","Ndiass, Sénégal","favorite_border1année","https://sn.coinafrique.com/annonce/terrains/terrain-340-m2-diass-carrefour-3797916"
"1706205961-44","https://sn.coinafrique.com/categorie/terrains?page=45","Terrain 200m²- Almadies","85 000 000CFA","Almadies, Dakar, Sénégal","favorite_border1année","https://sn.coinafrique.com/annonce/terrains/terrain-200m-almadies-3797733"
"1706205961-45","https://sn.coinafrique.com/categorie/terrains?page=45","Terrains 265m²  - Mermoz-pyrotech","250 000 000CFA","Mermoz-Sacré Coeur, Dakar, Sénégal","favorite_border1année","https://sn.coinafrique.com/annonce/terrains/terrains-265m-mermoz-pyrotech-3759887"
"1706205961-46","https://sn.coinafrique.com/categorie/terrains?page=45","Terrain 250m² - Almadies","135 000 000CFA","Dakar, Sénégal","favorite_border1année","https://sn.coinafrique.com/annonce/terrains/terrain-250m-almadies-3759829"
"1706205961-47","https://sn.coinafrique.com/categorie/terrains?page=45","Vente terrain  250m² commercial Bail avec 20m de façade","160 000 000CFA","Dakar, Sénégal","favorite_border1année","https://sn.coinafrique.com/annonce/terrains/vente-terrain-250m-commercial-bail-avec-20m-de-facade-3759828"
"1706205961-48","https://sn.coinafrique.com/categorie/terrains?page=45","Terrains 160m²  -Yene","1 500 000CFA","Dakar, Sénégal","favorite_border1année","https://sn.coinafrique.com/annonce/terrains/terrains-160m-yene-3796766"
"1706205964-49","https://sn.coinafrique.com/categorie/terrains?page=44","Terrains 225 m² - Thies","900 000CFA","Thies, Sénégal","favorite_border1année","https://sn.coinafrique.com/annonce/terrains/terrains-225-m-thies-3816598"
"1706205964-50","https://sn.coinafrique.com/categorie/terrains?page=44","Terrain - Déni Biram Ndao","3 000 000CFA","Dakar, Sénégal","favorite_border1année","https://sn.coinafrique.com/annonce/terrains/terrain-deni-biram-ndao-3815548"
"1706205964-51","https://sn.coinafrique.com/categorie/terrains?page=44","Terrain  - Keur Ndiaye Lo","3 000 000CFA","Dakar, Sénégal","favorite_border1année","https://sn.coinafrique.com/annonce/terrains/terrain-keur-ndiaye-lo-3815541"
"1706205964-52","https://sn.coinafrique.com/categorie/terrains?page=44","Terrains 150 m² - Rufisque","11 000 000CFA","Rufisque, Sénégal","favorite_border1année","https://sn.coinafrique.com/annonce/terrains/terrains-150-m-rufisque-3815151"
"1706205964-53","https://sn.coinafrique.com/categorie/terrains?page=44","Terrains 150 m² - Rufisque","11 000 000CFA","Rufisque, Sénégal","favorite_border1année","https://sn.coinafrique.com/annonce/terrains/terrains-150-m-rufisque-3815145"
"1706205964-54","https://sn.coinafrique.com/categorie/terrains?page=44","Terrains 150m² - Dakar Niakhirate","Prix sur demande","Dakar, Sénégal","favorite_border1année","https://sn.coinafrique.com/annonce/terrains/terrains-150m-dakar-niakhirate-3815046"
"1706205964-55","https://sn.coinafrique.com/categorie/terrains?page=44","Terrain 300m²  - Somone","Prix sur demande","Mbour, Sénégal","favorite_border1année","https://sn.coinafrique.com/annonce/terrains/terrain-300m-somone-3814752"
"1706205964-56","https://sn.coinafrique.com/categorie/terrains?page=44","Terrains - Lac rose","2 500 000CFA","Dakar, Sénégal","favorite_border1année","https://sn.coinafrique.com/annonce/terrains/terrains-lac-rose-3814514"
"1706205968-57","https://sn.coinafrique.com/categorie/terrains?page=43","Terrain - Keur Abdou Ndoye","1 750 000CFA","Thies, Sénégal","favorite_border1année","https://sn.coinafrique.com/annonce/terrains/terrain-keur-abdou-ndoye-3838704"
"1706205968-58","https://sn.coinafrique.com/categorie/terrains?page=43","Terrain 300 m2 - Zac Mbao","45 000 000CFA","Parcelle Assainies, Dakar, Sénégal","favorite_border1année","https://sn.coinafrique.com/annonce/terrains/terrain-300-m2-zac-mbao-3838694"
"1706205968-59","https://sn.coinafrique.com/categorie/terrains?page=43","Terrains - Kayar","17 500 000CFA","Thies, Sénégal","favorite_border1année","https://sn.coinafrique.com/annonce/terrains/terrains-kayar-3838675"
"1706205968-60","https://sn.coinafrique.com/categorie/terrains?page=43","Terrain 300m² - Lac Rose Denis birame","25 000 000CFA","Dakar, Sénégal","favorite_border1année","https://sn.coinafrique.com/annonce/terrains/terrain-300m-lac-rose-denis-birame-3829500"
"1706205968-61","https://sn.coinafrique.com/categorie/terrains?page=43","Terrain 150m² - Malicounda","Prix sur demande","Mboro, Sénégal","favorite_border1année","https://sn.coinafrique.com/annonce/terrains/terrain-150m-malicounda-3829493"
"1706205968-62","https://sn.coinafrique.com/categorie/terrains?page=43","Terrains - Yoff virage","732 000 000CFA","Dakar, Sénégal","favorite_border1année","https://sn.coinafrique.com/annonce/terrains/terrains-yoff-virage-3795376"
"1706205968-63","https://sn.coinafrique.com/categorie/terrains?page=43","Terrain 150m²- Kounoune","12 500 000CFA","Dakar, Sénégal","favorite_border1année","https://sn.coinafrique.com/annonce/terrains/terrain-150m-kounoune-3837730"
"1706205968-64","https://sn.coinafrique.com/categorie/terrains?page=43","Terrain - Toubab Dialaw","Prix sur demande","Guediawaye, Dakar, Sénégal","favorite_border1année","https://sn.coinafrique.com/annonce/terrains/terrain-toubab-dialaw-3800495"
"1706205973-65","https://sn.coinafrique.com/categorie/terrains?page=42","Terrains 15ha   - Niaga","15 000CFA","Niaga, Sénégal","favorite_border1année","https://sn.coinafrique.com/annonce/terrains/terrains-15ha-niaga-3854864"
"1706205973-66","https://sn.coinafrique.com/categorie/terrains?page=42","Terrains 25m² - Touba","300 000CFA","Touba, Sénégal","favorite_border1année","https://sn.coinafrique.com/annonce/terrains/terrains-25m-touba-3854818"
"1706205973-67","https://sn.coinafrique.com/categorie/terrains?page=42","Terrain 150 m² - Niaga","Prix sur demande","Niaga, Sénégal","favorite_border1année","https://sn.coinafrique.com/annonce/terrains/terrain-150-m-niaga-3814639"
"1706205973-68","https://sn.coinafrique.com/categorie/terrains?page=42","Terrains 300 m2 - Diamniadio","8 500 000CFA","Diamniadio, Sénégal","favorite_border1année","https://sn.coinafrique.com/annonce/terrains/terrains-300-m2-diamniadio-3854659"
"1706205973-69","https://sn.coinafrique.com/categorie/terrains?page=42","Terrain  300m² à Colobane Tangor Mont rolland","1 500 000CFA","Dakar, Sénégal","favorite_border1année","https://sn.coinafrique.com/annonce/terrains/terrain-300m-a-colobane-tangor-mont-rolland-3832233"
"1706205973-70","https://sn.coinafrique.com/categorie/terrains?page=42","Terrains 306 m² -  Sipres Mbao","60 000 000CFA","Dakar, Sénégal","favorite_border1année","https://sn.coinafrique.com/annonce/terrains/terrains-306-m-sipres-mbao-3813430"
"1706205973-71","https://sn.coinafrique.com/categorie/terrains?page=42","Terrain 150m² - Ndiagnirate","10 000 000CFA","Dakar, Sénégal","favorite_border1année","https://sn.coinafrique.com/annonce/terrains/terrain-150m-ndiagnirate-3813357"
"1706205973-72","https://sn.coinafrique.com/categorie/terrains?page=42","Terrains 210 m2 - Thiés","400 000CFA","Thies, Sénégal","favorite_border1année","https://sn.coinafrique.com/annonce/terrains/terrains-210-m2-thies-3853158"
"1706205976-73","https://sn.coinafrique.com/categorie/terrains?page=41","Terrain 300 m² - Sindia","3 500 000CFA","Mbour, Sénégal","favorite_border1année","https://sn.coinafrique.com/annonce/terrains/terrain-300-m-sindia-3841603"
"1706205976-74","https://sn.coinafrique.com/categorie/terrains?page=41","Terrain 150 m² - Mbour","1 300 000CFA","Mbour, Sénégal","favorite_border1année","https://sn.coinafrique.com/annonce/terrains/terrain-150-m-mbour-3841590"
"1706205976-75","https://sn.coinafrique.com/categorie/terrains?page=41","Terrain 250 m² - Almadies","135 000 000CFA","Dakar, Sénégal","favorite_border1année","https://sn.coinafrique.com/annonce/terrains/terrain-250-m-almadies-3832759"
"1706205976-76","https://sn.coinafrique.com/categorie/terrains?page=41","Terrain 500 m² - Hangar Pelerin","200 000 000CFA","Dakar, Sénégal","favorite_border1année","https://sn.coinafrique.com/annonce/terrains/terrain-500-m-hangar-pelerin-3832750"
"1706205976-77","https://sn.coinafrique.com/categorie/terrains?page=41","Terrain 170 m² - Hangar Pelerin","90 000 000CFA","Dakar, Sénégal","favorite_border1année","https://sn.coinafrique.com/annonce/terrains/terrain-170-m-hangar-pelerin-3832734"
"1706205976-78","https://sn.coinafrique.com/categorie/terrains?page=41","Terrain 163 m² - Cité Mourtada VDN","75 000 000CFA","Dakar, Sénégal","favorite_border1année","https://sn.coinafrique.com/annonce/terrains/terrain-163-m-cite-mourtada-vdn-3832739"
"1706205976-79","https://sn.coinafrique.com/categorie/terrains?page=41","Terrain 175 m² - Hangar Pelerin","80 000 000CFA","Dakar, Sénégal","favorite_border1année","https://sn.coinafrique.com/annonce/terrains/terrain-175-m-hangar-pelerin-3832730"
"1706205976-80","https://sn.coinafrique.com/categorie/terrains?page=41","Terrain 900 m² à Saly","135 000 000CFA","Parcelle Assainies, Dakar, Sénégal","favorite_border1année","https://sn.coinafrique.com/annonce/terrains/terrain-900-m-a-saly-3874680"
"1706205980-81","https://sn.coinafrique.com/categorie/terrains?page=40","Terrain 30ha - Diamniadio","10 000CFA","Diamniadio, Sénégal","favorite_border1année","https://sn.coinafrique.com/annonce/terrains/terrain-30ha-diamniadio-3844847"
"1706205980-82","https://sn.coinafrique.com/categorie/terrains?page=40","Terrain 150 m2 - Yenn","4 000 000CFA","Yenne Tode, Sénégal","favorite_border1année","https://sn.coinafrique.com/annonce/terrains/terrain-150-m2-yenn-3888522"
"1706205980-83","https://sn.coinafrique.com/categorie/terrains?page=40","Terrain 150 m² - Parcelles Assainies","55 000 000CFA","Parcelle Assainies, Dakar, Sénégal","favorite_border1année","https://sn.coinafrique.com/annonce/terrains/terrain-150-m-parcelles-assainies-3844822"
"1706205980-84","https://sn.coinafrique.com/categorie/terrains?page=40","Terrain 300 m² - Ouest-Foire","150 000 000CFA","Ouest Foire, Dakar, Sénégal","favorite_border1année","https://sn.coinafrique.com/annonce/terrains/terrain-300-m-ouest-foire-3844827"
"1706205980-85","https://sn.coinafrique.com/categorie/terrains?page=40","Terrains 150ù²  - Rufisque","6 500 000CFA","Rufisque, Sénégal","favorite_border1année","https://sn.coinafrique.com/annonce/terrains/terrains-150u-rufisque-3887801"
"1706205980-86","https://sn.coinafrique.com/categorie/terrains?page=40","Terrain 3000 m² à Kirène","7 000CFA","Ndiass, Sénégal","favorite_border1année","https://sn.coinafrique.com/annonce/terrains/terrain-3000-m-a-kirene-3846669"
"1706205980-87","https://sn.coinafrique.com/categorie/terrains?page=40","Terrains - Tiv peul","7 000 000CFA","Dakar, Sénégal","favorite_border1année","https://sn.coinafrique.com/annonce/terrains/terrains-tiv-peul-3886658"
"1706205980-88","https://sn.coinafrique.com/categorie/terrains?page=40","Terrain 5000 m² - Saly","300 000 000CFA","Saly, Sénégal","favorite_border1année","https://sn.coinafrique.com/annonce/terrains/terrain-5000-m-saly-3845811"
"1706205983-89","https://sn.coinafrique.com/categorie/terrains?page=39","Terrains 1050 m2 - Mermoz - Sacré coeur","1 050 000 000CFA","Mermoz-Sacré Coeur, Dakar, Sénégal","favorite_border1année","https://sn.coinafrique.com/annonce/terrains/terrains-1050-m2-mermoz-sacre-coeur-3907228"
"1706205983-90","https://sn.coinafrique.com/categorie/terrains?page=39","Terrain 1800 m2 - Mbodjéne","90 000 000CFA","Mbour, Sénégal","favorite_border1année","https://sn.coinafrique.com/annonce/terrains/terrain-1800-m2-mbodjene-3906800"
"1706205983-91","https://sn.coinafrique.com/categorie/terrains?page=39","Terrain 210m2 - Mbao","50 000 000CFA","Mbao, Dakar, Sénégal","favorite_border1année","https://sn.coinafrique.com/annonce/terrains/terrain-210m2-mbao-3871316"
"1706205983-92","https://sn.coinafrique.com/categorie/terrains?page=39","Terrain 200m2 - Nord foire","80 000 000CFA","Parcelle Assainies, Dakar, Sénégal","favorite_border1année","https://sn.coinafrique.com/annonce/terrains/terrain-200m2-nord-foire-3871296"
"1706205983-93","https://sn.coinafrique.com/categorie/terrains?page=39","Terrains 10 ha - Mbour","Prix sur demande","Mbour, Sénégal","favorite_border1année","https://sn.coinafrique.com/annonce/terrains/terrains-10-ha-mbour-3906043"
"1706205983-94","https://sn.coinafrique.com/categorie/terrains?page=39","Terrains 300m²   - Mbour point sarene","35 000 000CFA","Mbour, Sénégal","favorite_border1année","https://sn.coinafrique.com/annonce/terrains/terrains-300m-mbour-point-sarene-3906024"
"1706205983-95","https://sn.coinafrique.com/categorie/terrains?page=39","Terrains 225 m2 - Thiés","2 000 000CFA","Thies, Sénégal","favorite_border1année","https://sn.coinafrique.com/annonce/terrains/terrains-225-m2-thies-3905636"
"1706205983-96","https://sn.coinafrique.com/categorie/terrains?page=39","Terrain 150 m² à Noflaye-Rufisque","4 500 000CFA","Rufisque, Sénégal","favorite_border1année","https://sn.coinafrique.com/annonce/terrains/terrain-150-m-a-noflaye-rufisque-3905550"
"1706205986-97","https://sn.coinafrique.com/categorie/terrains?page=38","Terrains 225 m2 - Thiés","350 000CFA","Thies, Sénégal","favorite_border1année","https://sn.coinafrique.com/annonce/terrains/terrains-225-m2-thies-3925888"
"1706205986-98","https://sn.coinafrique.com/categorie/terrains?page=38","Terrains 20000m²  - Mboro","13 000 000CFA","Mboro, Sénégal","favorite_border1année","https://sn.coinafrique.com/annonce/terrains/terrains-20000m-mboro-3925678"
"1706205986-99","https://sn.coinafrique.com/categorie/terrains?page=38","Terrains 225 m2 - Ndiass","2 000 000CFA","Ndiass, Sénégal","favorite_border1année","https://sn.coinafrique.com/annonce/terrains/terrains-225-m2-ndiass-3925671"
"1706205986-100","https://sn.coinafrique.com/categorie/terrains?page=38","Terrain 300 m² - Malicounda","3 200 000CFA","Malikounda, Sénégal","favorite_border1année","https://sn.coinafrique.com/annonce/terrains/terrain-300-m-malicounda-3925565"
"1706205986-101","https://sn.coinafrique.com/categorie/terrains?page=38","Terrain 1ha 500m² - Thiès","30 000CFA","Thies, Sénégal","favorite_border1année","https://sn.coinafrique.com/annonce/terrains/terrain-1ha-500m-thies-3886804"
"1706205986-102","https://sn.coinafrique.com/categorie/terrains?page=38","Terrains 400m²  - Ngaparou","18 000 000CFA","Ngaparou, Sénégal","favorite_border1année","https://sn.coinafrique.com/annonce/terrains/terrains-400m-ngaparou-3925107"
"1706205986-103","https://sn.coinafrique.com/categorie/terrains?page=38","Terrain 400ha - Kebemer","1 600 000 000CFA","Kébémer, Sénégal","favorite_border1année","https://sn.coinafrique.com/annonce/terrains/terrain-400ha-kebemer-3924838"
"1706205986-104","https://sn.coinafrique.com/categorie/terrains?page=38","Terrains 7500 m2 - Thiés","33 000 000CFA","Thies, Sénégal","favorite_border1année","https://sn.coinafrique.com/annonce/terrains/terrains-7500-m2-thies-3924433"
"1706205990-105","https://sn.coinafrique.com/categorie/terrains?page=37","Terrain TF 150 m2 - Noflaye","6 000 000CFA","Rufisque, Sénégal","favorite_border1année","https://sn.coinafrique.com/annonce/terrains/terrain-tf-150-m2-noflaye-3920694"
"1706205990-106","https://sn.coinafrique.com/categorie/terrains?page=37","Terrains 600m² - Ndiakhirate Peulh","25 000 000CFA","Rufisque, Sénégal","favorite_border1année","https://sn.coinafrique.com/annonce/terrains/terrains-600m-ndiakhirate-peulh-3945186"
"1706205990-107","https://sn.coinafrique.com/categorie/terrains?page=37","Terrain 1000m² - Mbour","500CFA","Malikounda, Sénégal","favorite_border1année","https://sn.coinafrique.com/annonce/terrains/terrain-1000m-mbour-3944486"
"1706205990-108","https://sn.coinafrique.com/categorie/terrains?page=37","Terrain 180m²  - Soune Wolof","2 000 000CFA","Mbour, Sénégal","favorite_border1année","https://sn.coinafrique.com/annonce/terrains/terrain-180m-soune-wolof-3944121"
"1706205990-109","https://sn.coinafrique.com/categorie/terrains?page=37","Terrains - Gandioul","3 500 000CFA","Thies, Sénégal","favorite_border1année","https://sn.coinafrique.com/annonce/terrains/terrains-gandioul-3943797"
"1706205990-110","https://sn.coinafrique.com/categorie/terrains?page=37","Terrain - Ziguinchor","25 000 000CFA","Ziguinchor, Sénégal","favorite_border1année","https://sn.coinafrique.com/annonce/terrains/terrain-ziguinchor-3942962"
"1706205990-111","https://sn.coinafrique.com/categorie/terrains?page=37","Terrain 555 m2 - Ngor","650 000CFA","Ngor, Dakar, Sénégal","favorite_border1année","https://sn.coinafrique.com/annonce/terrains/terrain-555-m2-ngor-3905106"
"1706205990-112","https://sn.coinafrique.com/categorie/terrains?page=37","Terrain 500 m2 - Socabeg Alimadies","250 000 000CFA","Rufisque, Sénégal","favorite_border1année","https://sn.coinafrique.com/annonce/terrains/terrain-500-m2-socabeg-alimadies-3905098"
"1706205992-113","https://sn.coinafrique.com/categorie/terrains?page=36","Terrains 230 m²  - Mbao","35 000 000CFA","Mbao, Dakar, Sénégal","favorite_border1année","https://sn.coinafrique.com/annonce/terrains/terrains-230-m-mbao-3917287"
"1706205992-114","https://sn.coinafrique.com/categorie/terrains?page=36","Terrains 150 m² - Rufisque","12 000 000CFA","Rufisque, Sénégal","favorite_border1année","https://sn.coinafrique.com/annonce/terrains/terrains-150-m-rufisque-3917259"
"1706205992-115","https://sn.coinafrique.com/categorie/terrains?page=36","Terrain 4050 m2 - Ouest Foire","1 636 000 000CFA","Ouest Foire, Dakar, Sénégal","favorite_border1année","https://sn.coinafrique.com/annonce/terrains/terrain-4050-m2-ouest-foire-3959724"
"1706205992-116","https://sn.coinafrique.com/categorie/terrains?page=36","Terrain 236 m2 - Almadie 2","70 000 000CFA","Rufisque, Sénégal","favorite_border1année","https://sn.coinafrique.com/annonce/terrains/terrain-236-m2-almadie-2-3959717"
"1706205992-117","https://sn.coinafrique.com/categorie/terrains?page=36","Terrain 350m² - Onomo","165 000 000CFA","Dakar, Sénégal","favorite_border1année","https://sn.coinafrique.com/annonce/terrains/terrain-350m-onomo-3958698"
"1706205992-118","https://sn.coinafrique.com/categorie/terrains?page=36","Terrains 200m²  - Keur Massar","13 000 000CFA","Keur Massar, Sénégal","favorite_border1année","https://sn.coinafrique.com/annonce/terrains/terrains-200m-keur-massar-3958687"
"1706205992-119","https://sn.coinafrique.com/categorie/terrains?page=36","Terrains 300m²  - Mbour","4 500 000CFA","Mbour, Sénégal","favorite_border1année","https://sn.coinafrique.com/annonce/terrains/terrains-300m-mbour-3958677"
"1706205992-120","https://sn.coinafrique.com/categorie/terrains?page=36","Terrains 150 m² - Lac Rose","2 000 000CFA","Lac rose, Sénégal","favorite_border1année","https://sn.coinafrique.com/annonce/terrains/terrains-150-m-lac-rose-3958670"
"1706205998-121","https://sn.coinafrique.com/categorie/terrains?page=35","Terrain 225 m² à Colobane Tanghor","400 000CFA","Thies, Sénégal","favorite_border1année","https://sn.coinafrique.com/annonce/terrains/terrain-225-m-a-colobane-tanghor-3943301"
"1706205998-122","https://sn.coinafrique.com/categorie/terrains?page=35","Terrain 300 m² à Thiès Keur Massamba Gueye","5 500 000CFA","Thies, Sénégal","favorite_border1année","https://sn.coinafrique.com/annonce/terrains/terrain-300-m-a-thies-keur-massamba-gueye-3943293"
"1706205998-123","https://sn.coinafrique.com/categorie/terrains?page=35","Terrain 300 m² à Ndoufak","5 000 000CFA","Thies, Sénégal","favorite_border1année","https://sn.coinafrique.com/annonce/terrains/terrain-300-m-a-ndoufak-3943288"
"1706205998-124","https://sn.coinafrique.com/categorie/terrains?page=35","Terrain à Thiès","1 000 000CFA","Thies, Sénégal","favorite_border1année","https://sn.coinafrique.com/annonce/terrains/terrain-a-thies-3943283"
"1706205998-125","https://sn.coinafrique.com/categorie/terrains?page=35","Terrain avec TF à Niakhirate","12 500 000CFA","Keur Massar, Sénégal","favorite_border1année","https://sn.coinafrique.com/annonce/terrains/terrain-avec-tf-a-niakhirate-3943266"
"1706205998-126","https://sn.coinafrique.com/categorie/terrains?page=35","Terrain  à Thiès","1 500 000CFA","Thies, Sénégal","favorite_border1année","https://sn.coinafrique.com/annonce/terrains/terrain-a-thies-3943274"
"1706205998-127","https://sn.coinafrique.com/categorie/terrains?page=35","Terrain - Zac Mbao","33 000 000CFA","Ngor, Dakar, Sénégal","favorite_border1année","https://sn.coinafrique.com/annonce/terrains/terrain-zac-mbao-3982491"
"1706205998-128","https://sn.coinafrique.com/categorie/terrains?page=35","Vente  maison à démolir - Rufisque Dangou résidence","18 000 000CFA","Dakar, Sénégal","favorite_border1année","https://sn.coinafrique.com/annonce/terrains/vente-maison-a-demolir-rufisque-dangou-residence-3982318"
"1706206003-129","https://sn.coinafrique.com/categorie/terrains?page=34","Terrain 232 m² - Jet d'eau","150 000CFA","Dieuppeul-Derklé, Dakar, Sénégal","favorite_border1année","https://sn.coinafrique.com/annonce/terrains/terrain-232-m-jet-deau-3972806"
"1706206003-130","https://sn.coinafrique.com/categorie/terrains?page=34","Terrain 170m² - Sicap Mbao","25 000 000CFA","Dakar, Sénégal","favorite_border1année","https://sn.coinafrique.com/annonce/terrains/terrain-170m-sicap-mbao-4002422"
"1706206003-131","https://sn.coinafrique.com/categorie/terrains?page=34","Terrain 2ha 500 m² - Bayard","4 000CFA","Ndiass, Sénégal","favorite_border1année","https://sn.coinafrique.com/annonce/terrains/terrain-2ha-500-m-bayard-4001691"
"1706206003-132","https://sn.coinafrique.com/categorie/terrains?page=34","Terrain 225 m² - Almadie","55 000 000CFA","Rufisque, Sénégal","favorite_border1année","https://sn.coinafrique.com/annonce/terrains/terrain-225-m-almadie-3961943"
"1706206003-133","https://sn.coinafrique.com/categorie/terrains?page=34","Terrains 5000m²  - Lac Rose","16 000CFA","Sicap Liberté, Dakar, Sénégal","favorite_border1année","https://sn.coinafrique.com/annonce/terrains/terrains-5000m-lac-rose-4001032"
"1706206003-134","https://sn.coinafrique.com/categorie/terrains?page=34","Terrain - Mbour","4 000 000CFA","Mbour, Sénégal","favorite_border1année","https://sn.coinafrique.com/annonce/terrains/terrain-mbour-4000768"
"1706206003-135","https://sn.coinafrique.com/categorie/terrains?page=34","Terrain commercial à Zac Mbao sortie 9","70 000 000CFA","Rufisque, Sénégal","favorite_border1année","https://sn.coinafrique.com/annonce/terrains/terrain-commercial-a-zac-mbao-sortie-9-3961052"
"1706206003-136","https://sn.coinafrique.com/categorie/terrains?page=34","Location terrain 300 m2 - Liberte 06 extension","500 000CFA","Sicap Liberté, Dakar, Sénégal","favorite_border1année","https://sn.coinafrique.com/annonce/terrains/location-terrain-300-m2-liberte-06-extension-3956882"
"1706206011-137","https://sn.coinafrique.com/categorie/terrains?page=33","Terrains 2 ha - Mbour Gandial Ouest","35 000 000CFA","Parcelle Assainies, Dakar, Sénégal","favorite_border1année","https://sn.coinafrique.com/annonce/terrains/terrains-2-ha-mbour-gandial-ouest-4018566"
"1706206011-138","https://sn.coinafrique.com/categorie/terrains?page=33","Terrains 171 m2 - Yoff","90 000 000CFA","Yoff, Dakar, Sénégal","favorite_border1année","https://sn.coinafrique.com/annonce/terrains/terrains-171-m2-yoff-4018427"
"1706206011-139","https://sn.coinafrique.com/categorie/terrains?page=33","Terrain 150m² - Mbao","32 000 000CFA","Mbao, Dakar, Sénégal","favorite_border1année","https://sn.coinafrique.com/annonce/terrains/terrain-150m-mbao-4018378"
"1706206011-140","https://sn.coinafrique.com/categorie/terrains?page=33","Terrains 150 m2 - Toubab Dialao","5 500 000CFA","Toubab Dialao, Sénégal","favorite_border1année","https://sn.coinafrique.com/annonce/terrains/terrains-150-m2-toubab-dialao-4018039"
"1706206011-141","https://sn.coinafrique.com/categorie/terrains?page=33","Terrain 1156 m2 - Almadies","1 156 000 000CFA","Almadies, Dakar, Sénégal","favorite_border1année","https://sn.coinafrique.com/annonce/terrains/terrain-1156-m2-almadies-3978103"
"1706206011-142","https://sn.coinafrique.com/categorie/terrains?page=33","Vente maison 272 m2 - Cité Keur gorgui  - mermoz-sacré cœur","320 000 000CFA","Mermoz-Sacré Coeur, Dakar, Sénégal","favorite_border1année","https://sn.coinafrique.com/annonce/terrains/vente-maison-272-m2-cite-keur-gorgui-mermoz-sacre-cur-3978053"
"1706206011-143","https://sn.coinafrique.com/categorie/terrains?page=33","Terrain 400 m2 - Yoff","170 000 000CFA","Yoff, Dakar, Sénégal","favorite_border1année","https://sn.coinafrique.com/annonce/terrains/terrain-400-m2-yoff-3977935"
"1706206011-144","https://sn.coinafrique.com/categorie/terrains?page=33","Terrains 200 m2 - Yoff","85 000 000CFA","Yoff, Dakar, Sénégal","favorite_border1année","https://sn.coinafrique.com/annonce/terrains/terrains-200-m2-yoff-3977921"
"1706206017-145","https://sn.coinafrique.com/categorie/terrains?page=32","Terrain 225² - Toubab Dialao","3 500 000CFA","Toubab Dialao, Sénégal","favorite_border1année","https://sn.coinafrique.com/annonce/terrains/terrain-225-toubab-dialao-4031988"
"1706206017-146","https://sn.coinafrique.com/categorie/terrains?page=32","Vente maison à démolir 400m2 - Zone a","220 000 000CFA","Sicap Liberté, Dakar, Sénégal","favorite_border1année","https://sn.coinafrique.com/annonce/terrains/vente-maison-a-demolir-400m2-zone-a-3997510"
"1706206017-147","https://sn.coinafrique.com/categorie/terrains?page=32","Terrains 1076 m2 - Mermoz","950 000 000CFA","Mermoz-Sacré Coeur, Dakar, Sénégal","favorite_border1année","https://sn.coinafrique.com/annonce/terrains/terrains-1076-m2-mermoz-3997308"
"1706206017-148","https://sn.coinafrique.com/categorie/terrains?page=32","Terrain 80 lot -  Ndiokhoup","2 500 000CFA","Guediawaye, Dakar, Sénégal","favorite_border1année","https://sn.coinafrique.com/annonce/terrains/terrain-80-lot-ndiokhoup-4031369"
"1706206017-149","https://sn.coinafrique.com/categorie/terrains?page=32","Terrains 225 m2 - Thies","350 000CFA","Thies, Sénégal","favorite_border1année","https://sn.coinafrique.com/annonce/terrains/terrains-225-m2-thies-4030886"
"1706206017-150","https://sn.coinafrique.com/categorie/terrains?page=32","Terrains 150 m2  - Diamalaye 1","55 000 000CFA","Diamalaye 1, Dakar, Sénégal","favorite_border1année","https://sn.coinafrique.com/annonce/terrains/terrains-150-m2-diamalaye-1-4018256"
"1706206017-151","https://sn.coinafrique.com/categorie/terrains?page=32","Terrains - Sangalkam","13 000 000CFA","Rufisque, Sénégal","favorite_border1année","https://sn.coinafrique.com/annonce/terrains/terrains-sangalkam-4030681"
"1706206017-152","https://sn.coinafrique.com/categorie/terrains?page=32","Terrains 225-300 m2 - Ndiobène","1 500 000CFA","Thies, Sénégal","favorite_border1année","https://sn.coinafrique.com/annonce/terrains/terrains-225-300-m2-ndiobene-4030644"
"1706206023-153","https://sn.coinafrique.com/categorie/terrains?page=31","Vente maison à démolir 141 m2 - Medina","100 000 000CFA","Medina, Dakar, Sénégal","favorite_border1année","https://sn.coinafrique.com/annonce/terrains/vente-maison-a-demolir-141-m2-medina-4015812"
"1706206023-154","https://sn.coinafrique.com/categorie/terrains?page=31","Terrains 216m²  - Thiaroye sur mer","23 000 000CFA","Guediawaye, Dakar, Sénégal","favorite_border1année","https://sn.coinafrique.com/annonce/terrains/terrains-216m-thiaroye-sur-mer-4051385"
"1706206023-155","https://sn.coinafrique.com/categorie/terrains?page=31","Terrains 200m² - Mbour","2 900 000CFA","Mbour, Sénégal","favorite_border1année","https://sn.coinafrique.com/annonce/terrains/terrains-200m-mbour-4051274"
"1706206023-156","https://sn.coinafrique.com/categorie/terrains?page=31","Terrain  400m² - Saly","16 000 000CFA","Mbour, Sénégal","favorite_border1année","https://sn.coinafrique.com/annonce/terrains/terrain-400m-saly-4050982"
"1706206023-157","https://sn.coinafrique.com/categorie/terrains?page=31","Terrain  13000m²  - Saly","50 000CFA","Mbour, Sénégal","favorite_border1année","https://sn.coinafrique.com/annonce/terrains/terrain-13000m-saly-4050977"
"1706206023-158","https://sn.coinafrique.com/categorie/terrains?page=31","Terrains 610 m2 - Yoff Virage","550 000 000CFA","Yoff, Dakar, Sénégal","favorite_border1année","https://sn.coinafrique.com/annonce/terrains/terrains-610-m2-yoff-virage-4014358"
"1706206023-159","https://sn.coinafrique.com/categorie/terrains?page=31","Terrains 10000m²  - Thies","50 000 000CFA","Thies, Sénégal","favorite_border1année","https://sn.coinafrique.com/annonce/terrains/terrains-10000m-thies-4050050"
"1706206023-160","https://sn.coinafrique.com/categorie/terrains?page=31","Terrain - Keur Ndiaye Lo","Prix sur demande","Dakar, Sénégal","favorite_border1année","https://sn.coinafrique.com/annonce/terrains/terrain-keur-ndiaye-lo-4049913"
"1706206029-161","https://sn.coinafrique.com/categorie/terrains?page=30","Terrains  150 m² - Grand Dakar","60 000 000CFA","Grand Dakar, Dakar, Sénégal","favorite_border11mois","https://sn.coinafrique.com/annonce/terrains/terrains-150-m-grand-dakar-4071622"
"1706206029-162","https://sn.coinafrique.com/categorie/terrains?page=30","Terrain 550m² - Mbour","20 000 000CFA","Mbour, Sénégal","favorite_border11mois","https://sn.coinafrique.com/annonce/terrains/terrain-550m-mbour-4071619"
"1706206029-163","https://sn.coinafrique.com/categorie/terrains?page=30","Terrain - Tivaouane peulh","7 000 000CFA","Dakar, Sénégal","favorite_border11mois","https://sn.coinafrique.com/annonce/terrains/terrain-tivaouane-peulh-4032887"
"1706206029-164","https://sn.coinafrique.com/categorie/terrains?page=30","Terrain 150m² - Sangalkam","7 000 000CFA","Keur Massar, Sénégal","favorite_border11mois","https://sn.coinafrique.com/annonce/terrains/terrain-150m-sangalkam-4071480"
"1706206029-165","https://sn.coinafrique.com/categorie/terrains?page=30","Terrin - Bambilor","6 000 000CFA","Dakar, Sénégal","favorite_border12mois","https://sn.coinafrique.com/annonce/terrains/terrin-bambilor-4032619"
"1706206029-166","https://sn.coinafrique.com/categorie/terrains?page=30","Terrain 140 m2 bail - Sicap Foire","Prix sur demande","Sicap foire, Dakar, Sénégal","favorite_border12mois","https://sn.coinafrique.com/annonce/terrains/terrain-140-m2-bail-sicap-foire-4031738"
"1706206029-167","https://sn.coinafrique.com/categorie/terrains?page=30","Terrain - VDN Dakar","250 000 000CFA","Sacré-Coeur, Dakar, Sénégal","favorite_border12mois","https://sn.coinafrique.com/annonce/terrains/terrain-vdn-dakar-4030636"
"1706206029-168","https://sn.coinafrique.com/categorie/terrains?page=30","Terrain 1000m² - Hann Bel-Air","275 000 000CFA","Hann Bel-Air, Dakar, Sénégal","favorite_border12mois","https://sn.coinafrique.com/annonce/terrains/terrain-1000m-hann-bel-air-4070607"
"1706206034-169","https://sn.coinafrique.com/categorie/terrains?page=29","Terrain 250m² TF - Almadies","135 000 000CFA","Almadies, Dakar, Sénégal","favorite_border11mois","https://sn.coinafrique.com/annonce/terrains/terrain-250m-tf-almadies-4049289"
"1706206034-170","https://sn.coinafrique.com/categorie/terrains?page=29","Terrain 300 m2 - Gandigal","3 700 000CFA","Mbour, Sénégal","favorite_border11mois","https://sn.coinafrique.com/annonce/terrains/terrain-300-m2-gandigal-4089190"
"1706206034-171","https://sn.coinafrique.com/categorie/terrains?page=29","Terrain 1200m² TF - Almadies","720 000 000CFA","Almadies, Dakar, Sénégal","favorite_border11mois","https://sn.coinafrique.com/annonce/terrains/terrain-1200m-tf-almadies-4049223"
"1706206034-172","https://sn.coinafrique.com/categorie/terrains?page=29","Terrain - Ouest foire","125 000 000CFA","Mermoz-Sacré Coeur, Dakar, Sénégal","favorite_border11mois","https://sn.coinafrique.com/annonce/terrains/terrain-ouest-foire-4089125"
"1706206034-173","https://sn.coinafrique.com/categorie/terrains?page=29","Terrains 225m²  - Thies","4 200 000CFA","Thies, Sénégal","favorite_border11mois","https://sn.coinafrique.com/annonce/terrains/terrains-225m-thies-4088894"
"1706206034-174","https://sn.coinafrique.com/categorie/terrains?page=29","Terrain - Sicap Keur Massar","15 000 000CFA","Keur Massar, Sénégal","favorite_border11mois","https://sn.coinafrique.com/annonce/terrains/terrain-sicap-keur-massar-4059010"
"1706206034-175","https://sn.coinafrique.com/categorie/terrains?page=29","Terrain 150m² - Mariste","75 000 000CFA","Sicap Liberté, Dakar, Sénégal","favorite_border11mois","https://sn.coinafrique.com/annonce/terrains/terrain-150m-mariste-4088543"
"1706206034-176","https://sn.coinafrique.com/categorie/terrains?page=29","Terrain 220 m2 - Almadies","90 000 000CFA","Almadies, Dakar, Sénégal","favorite_border11mois","https://sn.coinafrique.com/annonce/terrains/terrain-220-m2-almadies-4048431"
"1706206040-177","https://sn.coinafrique.com/categorie/terrains?page=28","Terrain  200 m2 - Mamelles","120 000 000CFA","Mamelles, Dakar, Sénégal","favorite_border11mois","https://sn.coinafrique.com/annonce/terrains/terrain-200-m2-mamelles-4065922"
"1706206040-178","https://sn.coinafrique.com/categorie/terrains?page=28","Terrain 153 m2 - Hangar pèlerins","80 000 000CFA","Yoff, Dakar, Sénégal","favorite_border11mois","https://sn.coinafrique.com/annonce/terrains/terrain-153-m2-hangar-pelerins-4065916"
"1706206040-179","https://sn.coinafrique.com/categorie/terrains?page=28","Vente villa inachevée - Sortie 9","27 000 000CFA","Almadies 2, Dakar, Sénégal","favorite_border11mois","https://sn.coinafrique.com/annonce/terrains/vente-villa-inachevee-sortie-9-4105069"
"1706206040-180","https://sn.coinafrique.com/categorie/terrains?page=28","Terrain 150 m2 - Sénégal Sortie 9 Péage","24 000 000CFA","Almadies 2, Dakar, Sénégal","favorite_border11mois","https://sn.coinafrique.com/annonce/terrains/terrain-150-m2-senegal-sortie-9-peage-4105064"
"1706206040-181","https://sn.coinafrique.com/categorie/terrains?page=28","Terrain 300m² - Mbour Fandane","Prix sur demande","Mbour, Sénégal","favorite_border11mois","https://sn.coinafrique.com/annonce/terrains/terrain-300m-mbour-fandane-4104748"
"1706206040-182","https://sn.coinafrique.com/categorie/terrains?page=28","Terrains 247m² - Rufisque 1","Prix sur demande","Almadies 2, Dakar, Sénégal","favorite_border11mois","https://sn.coinafrique.com/annonce/terrains/terrains-247m-rufisque-1-4104660"
"1706206040-183","https://sn.coinafrique.com/categorie/terrains?page=28","Terrain 150m² - Kounoune Keur ndiaye","Prix sur demande","Almadies 2, Dakar, Sénégal","favorite_border11mois","https://sn.coinafrique.com/annonce/terrains/terrain-150m-kounoune-keur-ndiaye-4104593"
"1706206040-184","https://sn.coinafrique.com/categorie/terrains?page=28","Terrains 150m²  - Keur Massar","75 000CFA","Almadies 2, Dakar, Sénégal","favorite_border11mois","https://sn.coinafrique.com/annonce/terrains/terrains-150m-keur-massar-4104570"
"1706206046-185","https://sn.coinafrique.com/categorie/terrains?page=27","Terrains 1000  m2 - Dakar","Prix sur demande","Dakar, Sénégal","favorite_border10mois","https://sn.coinafrique.com/annonce/terrains/terrains-1000-m2-dakar-4080827"
"1706206046-186","https://sn.coinafrique.com/categorie/terrains?page=27","Terrains 150m²  - Dakar","15 000 000CFA","Dakar, Sénégal","favorite_border10mois","https://sn.coinafrique.com/annonce/terrains/terrains-150m-dakar-4120529"
"1706206046-187","https://sn.coinafrique.com/categorie/terrains?page=27","Terrains - Apix","15 000 000CFA","Guediawaye, Dakar, Sénégal","favorite_border10mois","https://sn.coinafrique.com/annonce/terrains/terrains-apix-4120092"
"1706206046-188","https://sn.coinafrique.com/categorie/terrains?page=27","Terrain  - Cité Mourtada VDN 1","Prix sur demande","Ouest Foire, Dakar, Sénégal","favorite_border10mois","https://sn.coinafrique.com/annonce/terrains/terrain-cite-mourtada-vdn-1-4078690"
"1706206046-189","https://sn.coinafrique.com/categorie/terrains?page=27","Terrains  150 m2  - Parcelle Assainies","40 000 000CFA","Parcelle Assainies, Dakar, Sénégal","favorite_border10mois","https://sn.coinafrique.com/annonce/terrains/terrains-150-m2-parcelle-assainies-4077542"
"1706206046-190","https://sn.coinafrique.com/categorie/terrains?page=27","Terrain  200m² - Ouakam","100 000 000CFA","Ouakam, Dakar, Sénégal","favorite_border10mois","https://sn.coinafrique.com/annonce/terrains/terrain-200m-ouakam-4119251"
"1706206046-191","https://sn.coinafrique.com/categorie/terrains?page=27","Terrains 150m² - Almadies 2","22 000 000CFA","Almadies 2, Dakar, Sénégal","favorite_border10mois","https://sn.coinafrique.com/annonce/terrains/terrains-150m-almadies-2-4118543"
"1706206046-192","https://sn.coinafrique.com/categorie/terrains?page=27","Terrain 150m² - Kounoune","11 500 000CFA","Almadies 2, Dakar, Sénégal","favorite_border10mois","https://sn.coinafrique.com/annonce/terrains/terrain-150m-kounoune-4117596"
"1706206053-193","https://sn.coinafrique.com/categorie/terrains?page=26","Terrain - Keur Massarr","Prix sur demande","Keur Massar, Sénégal","favorite_border10mois","https://sn.coinafrique.com/annonce/terrains/terrain-keur-massarr-4140657"
"1706206053-194","https://sn.coinafrique.com/categorie/terrains?page=26","Terrains 400m2 TF - Point E","500 000 000CFA","Point E, Dakar, Sénégal","favorite_border10mois","https://sn.coinafrique.com/annonce/terrains/terrains-400m2-tf-point-e-4102372"
"1706206053-195","https://sn.coinafrique.com/categorie/terrains?page=26","Terrain 298m² - Maristes","80 000 000CFA","Dakar, Sénégal","favorite_border10mois","https://sn.coinafrique.com/annonce/terrains/terrain-298m-maristes-4140327"
"1706206053-196","https://sn.coinafrique.com/categorie/terrains?page=26","Terrain 200 m²  - Comico Bambilor","22 500 000CFA","Dakar, Sénégal","favorite_border10mois","https://sn.coinafrique.com/annonce/terrains/terrain-200-m-comico-bambilor-4140307"
"1706206053-197","https://sn.coinafrique.com/categorie/terrains?page=26","Terrains 180m² - Noflaye","7 500 000CFA","Lac rose, Sénégal","favorite_border10mois","https://sn.coinafrique.com/annonce/terrains/terrains-180m-noflaye-4099529"
"1706206053-198","https://sn.coinafrique.com/categorie/terrains?page=26","Terrains 150m² - Keur Massar","17 000 000CFA","Keur Massar, Sénégal","favorite_border10mois","https://sn.coinafrique.com/annonce/terrains/terrains-150m-keur-massar-4099503"
"1706206053-199","https://sn.coinafrique.com/categorie/terrains?page=26","Terrains 225m² - Keur Massar","25 000 000CFA","Keur Massar, Sénégal","favorite_border10mois","https://sn.coinafrique.com/annonce/terrains/terrains-225m-keur-massar-4099504"
"1706206053-200","https://sn.coinafrique.com/categorie/terrains?page=26","Terrain 351 m² - Alamadies","140 000 000CFA","Almadies, Dakar, Sénégal","favorite_border10mois","https://sn.coinafrique.com/annonce/terrains/terrain-351-m-alamadies-4101415"
"1706206060-201","https://sn.coinafrique.com/categorie/terrains?page=25","Terrain - Bambylor","7 000 000CFA","Keur Massar, Sénégal","favorite_border9mois","https://sn.coinafrique.com/annonce/terrains/terrain-bambylor-4163072"
"1706206060-202","https://sn.coinafrique.com/categorie/terrains?page=25","Terrain 300m² - Yenne","6 000 000CFA","Ndiass, Sénégal","favorite_border9mois","https://sn.coinafrique.com/annonce/terrains/terrain-300m-yenne-4161571"
"1706206060-203","https://sn.coinafrique.com/categorie/terrains?page=25","Terrain 300 m² - Mbodiene","3 000 000CFA","Mbour, Sénégal","favorite_border9mois","https://sn.coinafrique.com/annonce/terrains/terrain-300-m-mbodiene-4160668"
"1706206060-204","https://sn.coinafrique.com/categorie/terrains?page=25","Terrains 150  m² - Rufisque","2 900 000CFA","Rufisque, Sénégal","favorite_border9mois","https://sn.coinafrique.com/annonce/terrains/terrains-150-m-rufisque-4159976"
"1706206060-205","https://sn.coinafrique.com/categorie/terrains?page=25","Terrains  250m² - Almadies","200 000 000CFA","Almadies, Dakar, Sénégal","favorite_border9mois","https://sn.coinafrique.com/annonce/terrains/terrains-250m-almadies-4120399"
"1706206060-206","https://sn.coinafrique.com/categorie/terrains?page=25","Terrain 150m2 - Keur Massar","17 500 000CFA","Keur Massar, Sénégal","favorite_border9mois","https://sn.coinafrique.com/annonce/terrains/terrain-150m2-keur-massar-4159594"
"1706206060-207","https://sn.coinafrique.com/categorie/terrains?page=25","Terrains 4800 m² - Toubab Dialao","95 000 000CFA","Toubab Dialao, Sénégal","favorite_border9mois","https://sn.coinafrique.com/annonce/terrains/terrains-4800-m-toubab-dialao-4159592"
"1706206060-208","https://sn.coinafrique.com/categorie/terrains?page=25","Terrains 150m²  - Dakar","27 000 000CFA","Dakar, Sénégal","favorite_border9mois","https://sn.coinafrique.com/annonce/terrains/terrains-150m-dakar-4159444"
"1706206066-209","https://sn.coinafrique.com/categorie/terrains?page=24","Terrains - 150m² - Lac Rose","Prix sur demande","Dakar, Sénégal","favorite_border9mois","https://sn.coinafrique.com/annonce/terrains/terrains-150m-lac-rose-4142217"
"1706206066-210","https://sn.coinafrique.com/categorie/terrains?page=24","Terrain - Diass","2 500 000CFA","Dakar, Sénégal","favorite_border9mois","https://sn.coinafrique.com/annonce/terrains/terrain-diass-4142099"
"1706206066-211","https://sn.coinafrique.com/categorie/terrains?page=24","Terrain 600m²  -  Keur Massar","80 000 000CFA","Dakar, Sénégal","favorite_border9mois","https://sn.coinafrique.com/annonce/terrains/terrain-600m-keur-massar-4179390"
"1706206066-212","https://sn.coinafrique.com/categorie/terrains?page=24","Terrains  200m2 - Socabeg","Prix sur demande","Keur Massar, Sénégal","favorite_border9mois","https://sn.coinafrique.com/annonce/terrains/terrains-200m2-socabeg-4141544"
"1706206066-213","https://sn.coinafrique.com/categorie/terrains?page=24","Terrain 4 ha  - Ndayane","517 000 000CFA","Mbour, Sénégal","favorite_border9mois","https://sn.coinafrique.com/annonce/terrains/terrain-4-ha-ndayane-4178586"
"1706206066-214","https://sn.coinafrique.com/categorie/terrains?page=24","Terrains - Diass","2 500 000CFA","Dakar, Sénégal","favorite_border9mois","https://sn.coinafrique.com/annonce/terrains/terrains-diass-4140774"
"1706206066-215","https://sn.coinafrique.com/categorie/terrains?page=24","Terrain 2000m² - Ngaparou","55 000 000CFA","Ngaparou, Sénégal","favorite_border9mois","https://sn.coinafrique.com/annonce/terrains/terrain-2000m-ngaparou-4178168"
"1706206066-216","https://sn.coinafrique.com/categorie/terrains?page=24","Terrain 300m² - Saint-Louis","25 000 000CFA","Saint Louis, Sénégal","favorite_border9mois","https://sn.coinafrique.com/annonce/terrains/terrain-300m-saint-louis-4178114"
"1706206072-217","https://sn.coinafrique.com/categorie/terrains?page=23","Terrain 150 m2 - Almadies 2","30 000 000CFA","Almadies 2, Dakar, Sénégal","favorite_border9mois","https://sn.coinafrique.com/annonce/terrains/terrain-150-m2-almadies-2-4156587"
"1706206072-218","https://sn.coinafrique.com/categorie/terrains?page=23","Terrain 150 m2 - Keur Mbaye Fall","16 000 000CFA","Keur Massar, Sénégal","favorite_border9mois","https://sn.coinafrique.com/annonce/terrains/terrain-150-m2-keur-mbaye-fall-4156341"
"1706206072-219","https://sn.coinafrique.com/categorie/terrains?page=23","Terrain 150 m2 - Cite Doudou Basse Ndiakhirate","13 000 000CFA","Keur Massar, Sénégal","favorite_border9mois","https://sn.coinafrique.com/annonce/terrains/terrain-150-m2-cite-doudou-basse-ndiakhirate-4160178"
"1706206072-220","https://sn.coinafrique.com/categorie/terrains?page=23","Terrain 150 m2 - Niakhirate","12 000 000CFA","Keur Massar, Sénégal","favorite_border9mois","https://sn.coinafrique.com/annonce/terrains/terrain-150-m2-niakhirate-4160173"
"1706206072-221","https://sn.coinafrique.com/categorie/terrains?page=23","Terrain 2045 m2 - VDN","Prix sur demande","Damel, Dakar, Sénégal","favorite_border9mois","https://sn.coinafrique.com/annonce/terrains/terrain-2045-m2-vdn-4160164"
"1706206072-222","https://sn.coinafrique.com/categorie/terrains?page=23","Terrains 500m² - Mamelles","325 000 000CFA","Mamelles, Dakar, Sénégal","favorite_border9mois","https://sn.coinafrique.com/annonce/terrains/terrains-500m-mamelles-4156043"
"1706206072-223","https://sn.coinafrique.com/categorie/terrains?page=23","Terrain 500m² - Mamelles","325 000 000CFA","Mamelles, Dakar, Sénégal","favorite_border9mois","https://sn.coinafrique.com/annonce/terrains/terrain-500m-mamelles-4155902"
"1706206072-224","https://sn.coinafrique.com/categorie/terrains?page=23","Terrains 150 m² - Diamniadio","Prix sur demande","Diamniadio, Sénégal","favorite_border9mois","https://sn.coinafrique.com/annonce/terrains/terrains-150-m-diamniadio-4191434"
"1706206077-225","https://sn.coinafrique.com/categorie/terrains?page=22","Terrains 225m² - Thiès","2 500 000CFA","Thies, Sénégal","favorite_border8mois","https://sn.coinafrique.com/annonce/terrains/terrains-225m-thies-4206639"
"1706206077-226","https://sn.coinafrique.com/categorie/terrains?page=22","Terrain 200m² - Zac Mbao","45 000 000CFA","Mbao, Dakar, Sénégal","favorite_border8mois","https://sn.coinafrique.com/annonce/terrains/terrain-200m-zac-mbao-4169825"
"1706206077-227","https://sn.coinafrique.com/categorie/terrains?page=22","Terrains 300m²  - Mbour","5 500 000CFA","Mbour, Sénégal","favorite_border8mois","https://sn.coinafrique.com/annonce/terrains/terrains-300m-mbour-4205472"
"1706206077-228","https://sn.coinafrique.com/categorie/terrains?page=22","Terrains 150m²  - Diamniadio","2 750 000CFA","Diamniadio, Sénégal","favorite_border8mois","https://sn.coinafrique.com/annonce/terrains/terrains-150m-diamniadio-4204718"
"1706206077-229","https://sn.coinafrique.com/categorie/terrains?page=22","Terrain  3035 m2  - Thiaroye","1 000 000 000CFA","Hann Bel-Air, Dakar, Sénégal","favorite_border8mois","https://sn.coinafrique.com/annonce/terrains/terrain-3035-m2-thiaroye-4169326"
"1706206077-230","https://sn.coinafrique.com/categorie/terrains?page=22","Terrain 9739 m² - Tassette","4 365 000CFA","Thies, Sénégal","favorite_border8mois","https://sn.coinafrique.com/annonce/terrains/terrain-9739-m-tassette-4165990"
"1706206077-231","https://sn.coinafrique.com/categorie/terrains?page=22","Terrain - Lac rose","5 000 000CFA","Dakar, Sénégal","favorite_border8mois","https://sn.coinafrique.com/annonce/terrains/terrain-lac-rose-4204071"
"1706206077-232","https://sn.coinafrique.com/categorie/terrains?page=22","Terrain  8907 m²  - Tassette","6 500 000CFA","Thies, Sénégal","favorite_border8mois","https://sn.coinafrique.com/annonce/terrains/terrain-8907-m-tassette-4165667"
"1706206083-233","https://sn.coinafrique.com/categorie/terrains?page=21","Vente terrains 9796 m²  - Thiés","4 800 000CFA","Thies, Sénégal","favorite_border8mois","https://sn.coinafrique.com/annonce/terrains/vente-terrains-9796-m-thies-4180016"
"1706206083-234","https://sn.coinafrique.com/categorie/terrains?page=21","Terrains 1,56 ha  - Thiés","7 020 000CFA","Thies, Sénégal","favorite_border8mois","https://sn.coinafrique.com/annonce/terrains/terrains-1-56-ha-thies-4179974"
"1706206083-235","https://sn.coinafrique.com/categorie/terrains?page=21","Terrains 150 m² - Lac Rose","2 300 000CFA","Lac rose, Sénégal","favorite_border8mois","https://sn.coinafrique.com/annonce/terrains/terrains-150-m-lac-rose-4218083"
"1706206083-236","https://sn.coinafrique.com/categorie/terrains?page=21","Terrain 160M²  -  Bambilor","4 500 000CFA","Dakar, Sénégal","favorite_border8mois","https://sn.coinafrique.com/annonce/terrains/terrain-160m-bambilor-4217956"
"1706206083-237","https://sn.coinafrique.com/categorie/terrains?page=21","Terrain 150m² - Cité tacko Rufisque","16 000 000CFA","Dakar, Sénégal","favorite_border8mois","https://sn.coinafrique.com/annonce/terrains/terrain-150m-cite-tacko-rufisque-4216613"
"1706206083-238","https://sn.coinafrique.com/categorie/terrains?page=21","Terrains 200m²  - Rufisque","35 000 000CFA","Rufisque, Sénégal","favorite_border8mois","https://sn.coinafrique.com/annonce/terrains/terrains-200m-rufisque-4216524"
"1706206083-239","https://sn.coinafrique.com/categorie/terrains?page=21","Terrain 150 m² - Almadie 2","30 000 000CFA","Dakar, Sénégal","favorite_border8mois","https://sn.coinafrique.com/annonce/terrains/terrain-150-m-almadie-2-4216488"
"1706206083-240","https://sn.coinafrique.com/categorie/terrains?page=21","Terrains 150 m²  - Mariste","80 000 000CFA","Yoff, Dakar, Sénégal","favorite_border8mois","https://sn.coinafrique.com/annonce/terrains/terrains-150-m-mariste-4216386"
"1706206088-241","https://sn.coinafrique.com/categorie/terrains?page=20","Vente terrains 1,22 ha - Thiés","26 500 000CFA","Thies, Sénégal","favorite_border8mois","https://sn.coinafrique.com/annonce/terrains/vente-terrains-1-22-ha-thies-4188287"
"1706206088-242","https://sn.coinafrique.com/categorie/terrains?page=20","Terrains 150 m²  - Bambilor Diaksao","3 000 000CFA","Rufisque, Sénégal","favorite_border8mois","https://sn.coinafrique.com/annonce/terrains/terrains-150-m-bambilor-diaksao-4227233"
"1706206088-243","https://sn.coinafrique.com/categorie/terrains?page=20","Vente terrains 2,05 ha  - Thiés","46 800 000CFA","Thies, Sénégal","favorite_border8mois","https://sn.coinafrique.com/annonce/terrains/vente-terrains-2-05-ha-thies-4188273"
"1706206088-244","https://sn.coinafrique.com/categorie/terrains?page=20","Vente terrains 2,31 ha  - Thiés","64 000 000CFA","Thies, Sénégal","favorite_border8mois","https://sn.coinafrique.com/annonce/terrains/vente-terrains-2-31-ha-thies-4188266"
"1706206088-245","https://sn.coinafrique.com/categorie/terrains?page=20","Vente terrains 4,28 - Thiés","76 000 000CFA","Thies, Sénégal","favorite_border8mois","https://sn.coinafrique.com/annonce/terrains/vente-terrains-4-28-thies-4188260"
"1706206088-246","https://sn.coinafrique.com/categorie/terrains?page=20","Terrain 300 m²  - Rufisque","20 000 000CFA","Rufisque, Sénégal","favorite_border8mois","https://sn.coinafrique.com/annonce/terrains/terrain-300-m-rufisque-4227191"
"1706206088-247","https://sn.coinafrique.com/categorie/terrains?page=20","Terrain - Grand Mbao","30 000 000CFA","Guédiawaye, Dakar, Sénégal","favorite_border8mois","https://sn.coinafrique.com/annonce/terrains/terrain-grand-mbao-4227070"
"1706206088-248","https://sn.coinafrique.com/categorie/terrains?page=20","Vente terrains 4,07 ha  - Thiés","42 300 000CFA","Thies, Sénégal","favorite_border8mois","https://sn.coinafrique.com/annonce/terrains/vente-terrains-4-07-ha-thies-4188012"
"1706206094-249","https://sn.coinafrique.com/categorie/terrains?page=19","Terrain 4152 m²  - Maabo","7 900 000CFA","Kaffrine, Sénégal","favorite_border7mois","https://sn.coinafrique.com/annonce/terrains/terrain-4152-m-maabo-4202548"
"1706206094-250","https://sn.coinafrique.com/categorie/terrains?page=19","Terrain 2,25 ha  - Keur Madarou","360 000 000CFA","Thies, Sénégal","favorite_border7mois","https://sn.coinafrique.com/annonce/terrains/terrain-2-25-ha-keur-madarou-4202516"
"1706206094-251","https://sn.coinafrique.com/categorie/terrains?page=19","Terrains 4,82 ha  - Tassette","57 400 000CFA","Thies, Sénégal","favorite_border7mois","https://sn.coinafrique.com/annonce/terrains/terrains-4-82-ha-tassette-4202484"
"1706206094-252","https://sn.coinafrique.com/categorie/terrains?page=19","Terrains 1,35 ha - Darou Khoudoss","7 800 000CFA","Thies, Sénégal","favorite_border7mois","https://sn.coinafrique.com/annonce/terrains/terrains-1-35-ha-darou-khoudoss-4201944"
"1706206094-253","https://sn.coinafrique.com/categorie/terrains?page=19","Terrain 250 m2 - Bambilor Cité Sablux","15 500 000CFA","Lac rose, Sénégal","favorite_border7mois","https://sn.coinafrique.com/annonce/terrains/terrain-250-m2-bambilor-cite-sablux-4201938"
"1706206094-254","https://sn.coinafrique.com/categorie/terrains?page=19","Terrain 8449 m² - Mbour","9 500 000CFA","Thies, Sénégal","favorite_border7mois","https://sn.coinafrique.com/annonce/terrains/terrain-8449-m-mbour-4201801"
"1706206094-255","https://sn.coinafrique.com/categorie/terrains?page=19","Terrain 6500 m²  - Fimela","22 700 000CFA","Fatick, Sénégal","favorite_border7mois","https://sn.coinafrique.com/annonce/terrains/terrain-6500-m-fimela-4201757"
"1706206094-256","https://sn.coinafrique.com/categorie/terrains?page=19","Terrain 150 m²  -  Keur Massar","10 000 000CFA","Keur Massar, Sénégal","favorite_border7mois","https://sn.coinafrique.com/annonce/terrains/terrain-150-m-keur-massar-4239726"
"1706206099-257","https://sn.coinafrique.com/categorie/terrains?page=18","Terrains 1200m² clôturé - Ndayane","45 000 000CFA","Thies, Sénégal","favorite_border7mois","https://sn.coinafrique.com/annonce/terrains/terrains-1200m-cloture-ndayane-4220843"
"1706206099-258","https://sn.coinafrique.com/categorie/terrains?page=18","Vente villa à démolir 150 m² - Zac Mbao","26 000 000CFA","Mariste, Dakar, Sénégal","favorite_border7mois","https://sn.coinafrique.com/annonce/terrains/vente-villa-a-demolir-150-m-zac-mbao-4256079"
"1706206099-259","https://sn.coinafrique.com/categorie/terrains?page=18","Terrains 180m²  - Ndiass","2 000 000CFA","Ndiass, Sénégal","favorite_border7mois","https://sn.coinafrique.com/annonce/terrains/terrains-180m-ndiass-4255601"
"1706206099-260","https://sn.coinafrique.com/categorie/terrains?page=18","Terrains 250  m² - Patte d'oie","120 000CFA","Patte d'oie, Dakar, Sénégal","favorite_border7mois","https://sn.coinafrique.com/annonce/terrains/terrains-250-m-patte-doie-4255305"
"1706206099-261","https://sn.coinafrique.com/categorie/terrains?page=18","Terrains 150m²  - Mbao","17 000 000CFA","Mbao, Dakar, Sénégal","favorite_border7mois","https://sn.coinafrique.com/annonce/terrains/terrains-150m-mbao-4255178"
"1706206099-262","https://sn.coinafrique.com/categorie/terrains?page=18","Terrain 1.12 ha  - Notto Diobass","13 750 000CFA","Thies, Sénégal","favorite_border7mois","https://sn.coinafrique.com/annonce/terrains/terrain-112-ha-notto-diobass-4216749"
"1706206099-263","https://sn.coinafrique.com/categorie/terrains?page=18","Terrain 4272 m² - Notto Diobass","3 750 000CFA","Thies, Sénégal","favorite_border7mois","https://sn.coinafrique.com/annonce/terrains/terrain-4272-m-notto-diobass-4216730"
"1706206099-264","https://sn.coinafrique.com/categorie/terrains?page=18","Terrain 4 ha  - Tassette","57 000 000CFA","Thies, Sénégal","favorite_border7mois","https://sn.coinafrique.com/annonce/terrains/terrain-4-ha-tassette-4216701"
"1706206105-265","https://sn.coinafrique.com/categorie/terrains?page=17","Terrain 150m² - Bambilor Diacksao","2 500 000CFA","Rufisque, Sénégal","favorite_border7mois","https://sn.coinafrique.com/annonce/terrains/terrain-150m-bambilor-diacksao-4269459"
"1706206105-266","https://sn.coinafrique.com/categorie/terrains?page=17","Terrain 1,8 ha  - Diass","27 200 000CFA","Mbour, Sénégal","favorite_border7mois","https://sn.coinafrique.com/annonce/terrains/terrain-1-8-ha-diass-4231495"
"1706206105-267","https://sn.coinafrique.com/categorie/terrains?page=17","Terrains 150  m² - Keur massar","7 000 000CFA","Keur Massar, Sénégal","favorite_border7mois","https://sn.coinafrique.com/annonce/terrains/terrains-150-m-keur-massar-4269251"
"1706206105-268","https://sn.coinafrique.com/categorie/terrains?page=17","Terrain 1,60 ha  - Tassette","12 500 000CFA","Thies, Sénégal","favorite_border7mois","https://sn.coinafrique.com/annonce/terrains/terrain-1-60-ha-tassette-4231260"
"1706206105-269","https://sn.coinafrique.com/categorie/terrains?page=17","Terrains 150 m² - Bambilor","4 000 000CFA","Rufisque, Sénégal","favorite_border7mois","https://sn.coinafrique.com/annonce/terrains/terrains-150-m-bambilor-4232976"
"1706206105-270","https://sn.coinafrique.com/categorie/terrains?page=17","Terrains jumelés - Croaiem niaga","7 000 000CFA","Niaga, Sénégal","favorite_border7mois","https://sn.coinafrique.com/annonce/terrains/terrains-jumeles-croaiem-niaga-4232977"
"1706206105-271","https://sn.coinafrique.com/categorie/terrains?page=17","Terrain - Diakherate","18 000 000CFA","Rufisque, Sénégal","favorite_border7mois","https://sn.coinafrique.com/annonce/terrains/terrain-diakherate-4268615"
"1706206105-272","https://sn.coinafrique.com/categorie/terrains?page=17","Terrain 200 m²  - Keur Massar","13 000 000CFA","Keur Massar, Sénégal","favorite_border7mois","https://sn.coinafrique.com/annonce/terrains/terrain-200-m-keur-massar-4268444"
"1706206111-273","https://sn.coinafrique.com/categorie/terrains?page=16","Recherche - Terrain 3 ha","Prix sur demande","Thies, Sénégal","favorite_border6mois","https://sn.coinafrique.com/annonce/terrains/recherche-terrain-3-ha-4294110"
"1706206111-274","https://sn.coinafrique.com/categorie/terrains?page=16","Terrain 300m² - Almadies 1","28 000 000CFA","Sicap Liberté, Dakar, Sénégal","favorite_border6mois","https://sn.coinafrique.com/annonce/terrains/terrain-300m-almadies-1-4293698"
"1706206111-275","https://sn.coinafrique.com/categorie/terrains?page=16","Terrains 150m²  - Diamniadio","17 000 000CFA","Diamniadio, Sénégal","favorite_border","https://sn.coinafrique.com/annonce/terrains/terrains-150m-diamniadio-4259294"
"1706206111-276","https://sn.coinafrique.com/categorie/terrains?page=16","Terrain 225m²  - Thies","1 500 000CFA","Thies, Sénégal","favorite_border6mois","https://sn.coinafrique.com/annonce/terrains/terrain-225m-thies-4293167"
"1706206111-277","https://sn.coinafrique.com/categorie/terrains?page=16","Terrain - Sicap keur Massar","12 500 000CFA","Keur Massar, Sénégal","favorite_border6mois","https://sn.coinafrique.com/annonce/terrains/terrain-sicap-keur-massar-4293114"
"1706206111-278","https://sn.coinafrique.com/categorie/terrains?page=16","Terrain - Mbour","11 111CFA","Dakar, Sénégal","favorite_border6mois","https://sn.coinafrique.com/annonce/terrains/terrain-mbour-4292792"
"1706206111-279","https://sn.coinafrique.com/categorie/terrains?page=16","Terrain TF 191 m² à Mamelles","110 000 000CFA","Mamelles, Dakar, Sénégal","favorite_border6mois","https://sn.coinafrique.com/annonce/terrains/terrain-tf-191-m-a-mamelles-4256594"
"1706206111-280","https://sn.coinafrique.com/categorie/terrains?page=16","Vente terrains 400 m2 - Almadies","220 000 000CFA","Almadies, Dakar, Sénégal","favorite_border6mois","https://sn.coinafrique.com/annonce/terrains/vente-terrains-400-m2-almadies-4258793"
"1706206116-281","https://sn.coinafrique.com/categorie/terrains?page=15","Terrains 150 m2 - Bambilor","4 000 000CFA","Lac rose, Sénégal","favorite_border6mois","https://sn.coinafrique.com/annonce/terrains/terrains-150-m2-bambilor-4280784"
"1706206116-282","https://sn.coinafrique.com/categorie/terrains?page=15","Terrain 200m²  à Mboro","1 500 000CFA","Mboro, Sénégal","favorite_border6mois","https://sn.coinafrique.com/annonce/terrains/terrain-200m-a-mboro-4280735"
"1706206116-283","https://sn.coinafrique.com/categorie/terrains?page=15","Terrain 150m² - Lac Rose Keur Marème Mbengue","2 500 000CFA","Lac rose, Sénégal","favorite_border6mois","https://sn.coinafrique.com/annonce/terrains/terrain-150m-lac-rose-keur-mareme-mbengue-4285144"
"1706206116-284","https://sn.coinafrique.com/categorie/terrains?page=15","Vente maison à démolir - Keur Massar.","15 000 000CFA","Keur Massar, Sénégal","favorite_border6mois","https://sn.coinafrique.com/annonce/terrains/vente-maison-a-demolir-keur-massar-4288542"
"1706206116-285","https://sn.coinafrique.com/categorie/terrains?page=15","Terrain 225 m2 - Notto Diobass.","1 500 000CFA","Thies, Sénégal","favorite_border6mois","https://sn.coinafrique.com/annonce/terrains/terrain-225-m2-notto-diobass-4288493"
"1706206116-286","https://sn.coinafrique.com/categorie/terrains?page=15","Vente terrain 8 ha - Thiès","31 900 000CFA","Thies, Sénégal","favorite_border6mois","https://sn.coinafrique.com/annonce/terrains/vente-terrain-8-ha-thies-4270821"
"1706206116-287","https://sn.coinafrique.com/categorie/terrains?page=15","Terrains 225 m2 - Colobane tanghor","550 000CFA","Thies, Sénégal","favorite_border6mois","https://sn.coinafrique.com/annonce/terrains/terrains-225-m2-colobane-tanghor-4275828"
"1706206116-288","https://sn.coinafrique.com/categorie/terrains?page=15","Terrain - Croisement saly","25 000 000CFA","Saly, Sénégal","favorite_border6mois","https://sn.coinafrique.com/annonce/terrains/terrain-croisement-saly-4306729"
"1706206123-289","https://sn.coinafrique.com/categorie/terrains?page=14","Terrains 150m²  - Mbour","5 000 000CFA","Mbour, Sénégal","favorite_border5mois","https://sn.coinafrique.com/annonce/terrains/terrains-150m-mbour-4329566"
"1706206123-290","https://sn.coinafrique.com/categorie/terrains?page=14","Terrain 5 ha  -  Diamniadio","13 000 000CFA","Diamniadio, Sénégal","favorite_border5mois","https://sn.coinafrique.com/annonce/terrains/terrain-5-ha-diamniadio-4329555"
"1706206123-291","https://sn.coinafrique.com/categorie/terrains?page=14","Terrains 150m²  - Diamniadio","13 000 000CFA","Diamniadio, Sénégal","favorite_border5mois","https://sn.coinafrique.com/annonce/terrains/terrains-150m-diamniadio-4329553"
"1706206123-292","https://sn.coinafrique.com/categorie/terrains?page=14","Terrain 150m² - Dakar","90 000 000CFA","Dakar, Sénégal","favorite_border5mois","https://sn.coinafrique.com/annonce/terrains/terrain-150m-dakar-4329057"
"1706206123-293","https://sn.coinafrique.com/categorie/terrains?page=14","Terrain 225m² - Gandigal","4 500 000CFA","Mbour, Sénégal","favorite_border5mois","https://sn.coinafrique.com/annonce/terrains/terrain-225m-gandigal-4328560"
"1706206123-294","https://sn.coinafrique.com/categorie/terrains?page=14","Terrain 150 m2 - Zac Mbao","25 000 000CFA","Mbao, Dakar, Sénégal","favorite_border5mois","https://sn.coinafrique.com/annonce/terrains/terrain-150-m2-zac-mbao-4292941"
"1706206123-295","https://sn.coinafrique.com/categorie/terrains?page=14","Terrain 155 m2 - Almadies","800 000CFA","Ngor, Dakar, Sénégal","favorite_border5mois","https://sn.coinafrique.com/annonce/terrains/terrain-155-m2-almadies-4292947"
"1706206123-296","https://sn.coinafrique.com/categorie/terrains?page=14","Terrain Tf 150 m2 - Cité Doudou Basse Ndiakhirate","12 000 000CFA","Rufisque, Sénégal","favorite_border5mois","https://sn.coinafrique.com/annonce/terrains/terrain-tf-150-m2-cite-doudou-basse-ndiakhirate-4292935"
"1706206129-297","https://sn.coinafrique.com/categorie/terrains?page=13","Vente terrains 10000 m2 - Ouakam","1 300 000CFA","Ouakam, Dakar, Sénégal","favorite_border5mois","https://sn.coinafrique.com/annonce/terrains/vente-terrains-10000-m2-ouakam-4306503"
"1706206129-298","https://sn.coinafrique.com/categorie/terrains?page=13","Vente terrains 225 m2 bail - Boa  - Almadies","110 000 000CFA","Almadies, Dakar, Sénégal","favorite_border5mois","https://sn.coinafrique.com/annonce/terrains/vente-terrains-225-m2-bail-boa-almadies-4310511"
"1706206129-299","https://sn.coinafrique.com/categorie/terrains?page=13","Terrains 225m²  -   Saly","6 500 000CFA","Saly, Sénégal","favorite_border5mois","https://sn.coinafrique.com/annonce/terrains/terrains-225m-saly-4346771"
"1706206129-300","https://sn.coinafrique.com/categorie/terrains?page=13","Terrain 150m² - Keur Massila","6 800 000CFA","Mbour, Sénégal","favorite_border5mois","https://sn.coinafrique.com/annonce/terrains/terrain-150m-keur-massila-4346230"
"1706206129-301","https://sn.coinafrique.com/categorie/terrains?page=13","Terrains 150m² - Mbour","5 000 000CFA","Mbour, Sénégal","favorite_border5mois","https://sn.coinafrique.com/annonce/terrains/terrains-150m-mbour-4346224"
"1706206129-302","https://sn.coinafrique.com/categorie/terrains?page=13","Terrains 300 m² - Malikounda","3 500 000CFA","Malikounda, Sénégal","favorite_border5mois","https://sn.coinafrique.com/annonce/terrains/terrains-300-m-malikounda-4346020"
"1706206129-303","https://sn.coinafrique.com/categorie/terrains?page=13","Terrain 160m² - Nord Foire","Prix sur demande","Ouest Foire, Dakar, Sénégal","favorite_border5mois","https://sn.coinafrique.com/annonce/terrains/terrain-160m-nord-foire-4312398"
"1706206129-304","https://sn.coinafrique.com/categorie/terrains?page=13","Terrains 400m²  - Ndiass","Prix sur demande","Ndiass, Sénégal","favorite_border5mois","https://sn.coinafrique.com/annonce/terrains/terrains-400m-ndiass-4345268"
"1706206134-305","https://sn.coinafrique.com/categorie/terrains?page=12","Terrains   - Rufisque Sangalkam","20 000CFA","Rufisque, Sénégal","favorite_border4mois","https://sn.coinafrique.com/annonce/terrains/terrains-rufisque-sangalkam-4328628"
"1706206134-306","https://sn.coinafrique.com/categorie/terrains?page=12","Terrain 400m²  - Thies","4 900 000CFA","Thies, Sénégal","favorite_border4mois","https://sn.coinafrique.com/annonce/terrains/terrain-400m-thies-4364161"
"1706206134-307","https://sn.coinafrique.com/categorie/terrains?page=12","Terrain 180m² -  Keur Massar","13 000 000CFA","Dakar, Sénégal","favorite_border4mois","https://sn.coinafrique.com/annonce/terrains/terrain-180m-keur-massar-4364080"
"1706206134-308","https://sn.coinafrique.com/categorie/terrains?page=12","Vente villa inachevée 5 pièces - Thiés","17 000 000CFA","Rufisque, Sénégal","favorite_border4mois","https://sn.coinafrique.com/annonce/terrains/vente-villa-inachevee-5-pieces-thies-4363879"
"1706206134-309","https://sn.coinafrique.com/categorie/terrains?page=12","Terrain 400 m2 - Boa Almadies","220 000 000CFA","Almadies, Dakar, Sénégal","favorite_border4mois","https://sn.coinafrique.com/annonce/terrains/terrain-400-m2-boa-almadies-4328121"
"1706206134-310","https://sn.coinafrique.com/categorie/terrains?page=12","Terrain 225 m2 - Almadies","Prix sur demande","Almadies, Dakar, Sénégal","favorite_border4mois","https://sn.coinafrique.com/annonce/terrains/terrain-225-m2-almadies-4328107"
"1706206134-311","https://sn.coinafrique.com/categorie/terrains?page=12","Terrain 218 m2 - Yoff","110 000 000CFA","Yoff, Dakar, Sénégal","favorite_border4mois","https://sn.coinafrique.com/annonce/terrains/terrain-218-m2-yoff-4328104"
"1706206134-312","https://sn.coinafrique.com/categorie/terrains?page=12","Terrain  à Sangalkam","20 000 000CFA","Rufisque, Sénégal","favorite_border4mois","https://sn.coinafrique.com/annonce/terrains/terrain-a-sangalkam-4327588"
"1706206141-313","https://sn.coinafrique.com/categorie/terrains?page=11","Terrain 150m²  - Lac rose","2 800 000CFA","Lac rose, Sénégal","favorite_border4mois","https://sn.coinafrique.com/annonce/terrains/terrain-150m-lac-rose-4376883"
"1706206141-314","https://sn.coinafrique.com/categorie/terrains?page=11","Terrain 300m² - Mbour","Prix sur demande","Mbour, Sénégal","favorite_border4mois","https://sn.coinafrique.com/annonce/terrains/terrain-300m-mbour-4376843"
"1706206141-315","https://sn.coinafrique.com/categorie/terrains?page=11","Terrain 150 m² - Keur Simbery","4 500 000CFA","Lac rose, Sénégal","favorite_border4mois","https://sn.coinafrique.com/annonce/terrains/terrain-150-m-keur-simbery-4343048"
"1706206141-316","https://sn.coinafrique.com/categorie/terrains?page=11","Terrains 700 m2 - Thiés","120 000 000CFA","Thies, Sénégal","favorite_border4mois","https://sn.coinafrique.com/annonce/terrains/terrains-700-m2-thies-4337161"
"1706206141-317","https://sn.coinafrique.com/categorie/terrains?page=11","Terrain 225 m² - Saly Joseph","6 000 000CFA","Saly, Sénégal","favorite_border4mois","https://sn.coinafrique.com/annonce/terrains/terrain-225-m-saly-joseph-4376421"
"1706206141-318","https://sn.coinafrique.com/categorie/terrains?page=11","Terrains 225 m²  - Saly","6 000 000CFA","Saly, Sénégal","favorite_border4mois","https://sn.coinafrique.com/annonce/terrains/terrains-225-m-saly-4376318"
"1706206141-319","https://sn.coinafrique.com/categorie/terrains?page=11","Location de terrain de 87784  m²  - Thiès","493 000CFA","Thies, Sénégal","favorite_border4mois","https://sn.coinafrique.com/annonce/terrains/location-de-terrain-de-87784-m-thies-4336486"
"1706206141-320","https://sn.coinafrique.com/categorie/terrains?page=11","Terrain  40000 m²  - Thies","225 000CFA","Thies, Sénégal","favorite_border4mois","https://sn.coinafrique.com/annonce/terrains/terrain-40000-m-thies-4336449"
"1706206146-321","https://sn.coinafrique.com/categorie/terrains?page=10","Terrain 150m² - Thies","Prix sur demande","Thies, Sénégal","favorite_border4mois","https://sn.coinafrique.com/annonce/terrains/terrain-150m-thies-4391793"
"1706206146-322","https://sn.coinafrique.com/categorie/terrains?page=10","Terrain 500 m²  - Saly","28 000 000CFA","Saly, Sénégal","favorite_border4mois","https://sn.coinafrique.com/annonce/terrains/terrain-500-m-saly-4391729"
"1706206146-323","https://sn.coinafrique.com/categorie/terrains?page=10","Terrain -   Zac mbao","30 000 000CFA","Rufisque, Sénégal","favorite_border4mois","https://sn.coinafrique.com/annonce/terrains/terrain-zac-mbao-4391471"
"1706206146-324","https://sn.coinafrique.com/categorie/terrains?page=10","Terrain 200 m²  - Thies","2 100 000CFA","Thies, Sénégal","favorite_border4mois","https://sn.coinafrique.com/annonce/terrains/terrain-200-m-thies-4391410"
"1706206146-325","https://sn.coinafrique.com/categorie/terrains?page=10","Terrains 250m²   - Parcelle assainies  unité 15","69 900 000CFA","Parcelle Assainies, Dakar, Sénégal","favorite_border4mois","https://sn.coinafrique.com/annonce/terrains/terrains-250m-parcelle-assainies-unite-15-4355449"
"1706206146-326","https://sn.coinafrique.com/categorie/terrains?page=10","Terrain 150m² - Sebikhotane","5 000 000CFA","Mariste, Dakar, Sénégal","favorite_border4mois","https://sn.coinafrique.com/annonce/terrains/terrain-150m-sebikhotane-4390834"
"1706206146-327","https://sn.coinafrique.com/categorie/terrains?page=10","Vente terrains 180 m² - Pout - Thiès","1 290 000CFA","Thies, Sénégal","favorite_border4mois","https://sn.coinafrique.com/annonce/terrains/vente-terrains-180-m-pout-thies-4355035"
"1706206146-328","https://sn.coinafrique.com/categorie/terrains?page=10","Vente terrains 150 m2 - Yeumbeul","26 500 000CFA","Guediawaye, Dakar, Sénégal","favorite_border4mois","https://sn.coinafrique.com/annonce/terrains/vente-terrains-150-m2-yeumbeul-4354991"
"1706206152-329","https://sn.coinafrique.com/categorie/terrains?page=9","Vente terrains 1100 m2 - Mermoz - Sacré coeur - Keur Gorgui...","1 100 000CFA","Mermoz-Sacré Coeur, Dakar, Sénégal","favorite_border3mois","https://sn.coinafrique.com/annonce/terrains/vente-terrains-1100-m2-mermoz-sacre-coeur-keur-gorgui-4375872"
"1706206152-330","https://sn.coinafrique.com/categorie/terrains?page=9","Terrain - Malika","95 000CFA","Guediawaye, Dakar, Sénégal","favorite_border3mois","https://sn.coinafrique.com/annonce/terrains/terrain-malika-4415412"
"1706206152-331","https://sn.coinafrique.com/categorie/terrains?page=9","Terrain 200m² - Sipres","900 000CFA","Sipres, Dakar, Sénégal","favorite_border3mois","https://sn.coinafrique.com/annonce/terrains/terrain-200m-sipres-4415336"
"1706206152-332","https://sn.coinafrique.com/categorie/terrains?page=9","Terrain 150 m²  - Keur Massar","23 000 000CFA","Keur Massar, Sénégal","favorite_border3mois","https://sn.coinafrique.com/annonce/terrains/terrain-150-m-keur-massar-4378187"
"1706206152-333","https://sn.coinafrique.com/categorie/terrains?page=9","Terrains 200 m2 - Ndiass","6 500 000CFA","Ndiass, Sénégal","favorite_border3mois","https://sn.coinafrique.com/annonce/terrains/terrains-200-m2-ndiass-4414678"
"1706206152-334","https://sn.coinafrique.com/categorie/terrains?page=9","Terrains 300m² - Mbour","2 800 000CFA","Mbour, Sénégal","favorite_border3mois","https://sn.coinafrique.com/annonce/terrains/terrains-300m-mbour-4414555"
"1706206152-335","https://sn.coinafrique.com/categorie/terrains?page=9","Terrain 300m² - Yoff Layenne","100 500 000CFA","Yoff, Dakar, Sénégal","favorite_border3mois","https://sn.coinafrique.com/annonce/terrains/terrain-300m-yoff-layenne-4414105"
"1706206152-336","https://sn.coinafrique.com/categorie/terrains?page=9","Terrain  - Tivaouane Peul","7 000 000CFA","Dakar, Sénégal","favorite_border3mois","https://sn.coinafrique.com/annonce/terrains/terrain-tivaouane-peul-4413941"
"1706206157-337","https://sn.coinafrique.com/categorie/terrains?page=8","Terrain 150m²  - Keur Massar Parcelle unité 11","17 000 000CFA","Keur Massar, Sénégal","favorite_border2mois","https://sn.coinafrique.com/annonce/terrains/terrain-150m-keur-massar-parcelle-unite-11-4405803"
"1706206157-338","https://sn.coinafrique.com/categorie/terrains?page=8","Terrain 5043m²  - Noflaye","61 000 000CFA","Rufisque, Sénégal","favorite_border2mois","https://sn.coinafrique.com/annonce/terrains/terrain-5043m-noflaye-4405702"
"1706206157-339","https://sn.coinafrique.com/categorie/terrains?page=8","Terrain 150m² - Apix Tiv peul","15 000 000CFA","Dakar, Sénégal","favorite_border2mois","https://sn.coinafrique.com/annonce/terrains/terrain-150m-apix-tiv-peul-4437019"
"1706206157-340","https://sn.coinafrique.com/categorie/terrains?page=8","Terrain - Tivaoune Peulh","Prix sur demande","Dakar, Sénégal","favorite_border2mois","https://sn.coinafrique.com/annonce/terrains/terrain-tivaoune-peulh-4436983"
"1706206157-341","https://sn.coinafrique.com/categorie/terrains?page=8","Terrain angle 300 m²  -  Keur Ndiaye Lo","32 000 000CFA","Almadies 2, Dakar, Sénégal","favorite_border2mois","https://sn.coinafrique.com/annonce/terrains/terrain-angle-300-m-keur-ndiaye-lo-4436979"
"1706206157-342","https://sn.coinafrique.com/categorie/terrains?page=8","Terrain 300m² - Keur Ndiaye Lo","32 000 000CFA","Almadies 2, Dakar, Sénégal","favorite_border2mois","https://sn.coinafrique.com/annonce/terrains/terrain-300m-keur-ndiaye-lo-4436956"
"1706206157-343","https://sn.coinafrique.com/categorie/terrains?page=8","Terrain 350 m² - Thies","18 000 000CFA","Thies, Sénégal","favorite_border2mois","https://sn.coinafrique.com/annonce/terrains/terrain-350-m-thies-4436381"
"1706206157-344","https://sn.coinafrique.com/categorie/terrains?page=8","Terrains 600m² - Saly","Prix sur demande","Saly, Sénégal","favorite_border2mois","https://sn.coinafrique.com/annonce/terrains/terrains-600m-saly-4436245"
"1706206163-345","https://sn.coinafrique.com/categorie/terrains?page=7","Terrain 425m² - Saumone","60 000 000CFA","Mbour, Sénégal","favorite_border2mois","https://sn.coinafrique.com/annonce/terrains/terrain-425m-saumone-4418644"
"1706206163-346","https://sn.coinafrique.com/categorie/terrains?page=7","Terrain 83m² - Gueule Tapée","75 000 000CFA","Gueule Tapée, Dakar, Sénégal","favorite_border2mois","https://sn.coinafrique.com/annonce/terrains/terrain-83m-gueule-tapee-4418647"
"1706206163-347","https://sn.coinafrique.com/categorie/terrains?page=7","Terrain  300m² - Tivaouane","5 000 000CFA","Thies, Sénégal","favorite_border2mois","https://sn.coinafrique.com/annonce/terrains/terrain-300m-tivaouane-4418731"
"1706206163-348","https://sn.coinafrique.com/categorie/terrains?page=7","Terrain 300m² - Tivaoune","16 000 000CFA","Thies, Sénégal","favorite_border2mois","https://sn.coinafrique.com/annonce/terrains/terrain-300m-tivaoune-4418718"
"1706206163-349","https://sn.coinafrique.com/categorie/terrains?page=7","Terrain 800m² - Kounoune","45 000 000CFA","Almadies 2, Dakar, Sénégal","favorite_border2mois","https://sn.coinafrique.com/annonce/terrains/terrain-800m-kounoune-4418634"
"1706206163-350","https://sn.coinafrique.com/categorie/terrains?page=7","Terrain 300m² - Tivaoune","4 500 000CFA","Thies, Sénégal","favorite_border2mois","https://sn.coinafrique.com/annonce/terrains/terrain-300m-tivaoune-4418721"
"1706206163-351","https://sn.coinafrique.com/categorie/terrains?page=7","Terrain 300m² -  Tivaoune","19 000 000CFA","Thies, Sénégal","favorite_border2mois","https://sn.coinafrique.com/annonce/terrains/terrain-300m-tivaoune-4418722"
"1706206163-352","https://sn.coinafrique.com/categorie/terrains?page=7","Terrain 38964m²  - Notto","25 000CFA","Thies, Sénégal","favorite_border2mois","https://sn.coinafrique.com/annonce/terrains/terrain-38964m-notto-4418631"
"1706206169-353","https://sn.coinafrique.com/categorie/terrains?page=6","Terrains - Thiès","2 000 000CFA","Diamniadio, Sénégal","favorite_border1mois","https://sn.coinafrique.com/annonce/terrains/terrains-thies-4473660"
"1706206169-354","https://sn.coinafrique.com/categorie/terrains?page=6","Terrain - Lac Rose","12 000 000CFA","Dakar, Sénégal","favorite_border1mois","https://sn.coinafrique.com/annonce/terrains/terrain-lac-rose-4473655"
"1706206169-355","https://sn.coinafrique.com/categorie/terrains?page=6","Terrain 150m² - Keur Massar","Prix sur demande","Dakar Plateau, Dakar, Sénégal","favorite_border1mois","https://sn.coinafrique.com/annonce/terrains/terrain-150m-keur-massar-4473597"
"1706206169-356","https://sn.coinafrique.com/categorie/terrains?page=6","Terrain 150m² - Niague","5 000 000CFA","Keur Massar, Sénégal","favorite_border1mois","https://sn.coinafrique.com/annonce/terrains/terrain-150m-niague-4462288"
"1706206169-357","https://sn.coinafrique.com/categorie/terrains?page=6","Terrain 150 m2 - Lac Rose","4 000 000CFA","Hann Bel-Air, Dakar, Sénégal","favorite_border1mois","https://sn.coinafrique.com/annonce/terrains/terrain-150-m2-lac-rose-4473466"
"1706206169-358","https://sn.coinafrique.com/categorie/terrains?page=6","Terrain 4 ha - Notto","Prix sur demande","Mboro, Sénégal","favorite_border2mois","https://sn.coinafrique.com/annonce/terrains/terrain-4-ha-notto-4473051"
"1706206169-359","https://sn.coinafrique.com/categorie/terrains?page=6","Terrain 200m² - Thies","15 000 000CFA","Keur Massar, Sénégal","favorite_border2mois","https://sn.coinafrique.com/annonce/terrains/terrain-200m-thies-4461173"
"1706206169-360","https://sn.coinafrique.com/categorie/terrains?page=6","Terrain 360 m² + TF - Cité Keur Gorgui","375 000 000CFA","Mermoz-Sacré Coeur, Dakar, Sénégal","favorite_border2mois","https://sn.coinafrique.com/annonce/terrains/terrain-360-m-tf-cite-keur-gorgui-4434491"
"1706206175-361","https://sn.coinafrique.com/categorie/terrains?page=5","Terrain 225m²  - Thies","350 000CFA","Thies, Sénégal","favorite_border1mois","https://sn.coinafrique.com/annonce/terrains/terrain-225m-thies-4490703"
"1706206175-362","https://sn.coinafrique.com/categorie/terrains?page=5","Terrain 225m²  - Thiès","750 000CFA","Mbour, Sénégal","favorite_border1mois","https://sn.coinafrique.com/annonce/terrains/terrain-225m-thies-4490674"
"1706206175-363","https://sn.coinafrique.com/categorie/terrains?page=5","Vente villa á démolir - Dieuppeul-Derklé","135 000 000CFA","Dieuppeul-Derklé, Dakar, Sénégal","favorite_border1mois","https://sn.coinafrique.com/annonce/terrains/vente-villa-a-demolir-dieuppeul-derkle-4452134"
"1706206175-364","https://sn.coinafrique.com/categorie/terrains?page=5","Vente villa à démolir - Zac Mbao","20 000 000CFA","Mbao, Dakar, Sénégal","favorite_border1mois","https://sn.coinafrique.com/annonce/terrains/vente-villa-a-demolir-zac-mbao-4450535"
"1706206175-365","https://sn.coinafrique.com/categorie/terrains?page=5","Terrain 300m²  - Saly","24 500 000CFA","Saly, Sénégal","favorite_border1mois","https://sn.coinafrique.com/annonce/terrains/terrain-300m-saly-4488957"
"1706206175-366","https://sn.coinafrique.com/categorie/terrains?page=5","Terrain 4577 m² - Pikine","520 000 000CFA","Dakar, Sénégal","favorite_border1mois","https://sn.coinafrique.com/annonce/terrains/terrain-4577-m-pikine-4488614"
"1706206175-367","https://sn.coinafrique.com/categorie/terrains?page=5","Terrain 2 lots - Almadies","125 000 000CFA","Almadies, Dakar, Sénégal","favorite_border1mois","https://sn.coinafrique.com/annonce/terrains/terrain-2-lots-almadies-4488380"
"1706206175-368","https://sn.coinafrique.com/categorie/terrains?page=5","Terrain 150 m² - Toubab Dialaw","2 000 000CFA","Ndiass, Sénégal","favorite_border1mois","https://sn.coinafrique.com/annonce/terrains/terrain-150-m-toubab-dialaw-4488285"
"1706206181-369","https://sn.coinafrique.com/categorie/terrains?page=4","Terrain - Yéne","7 500 000CFA","Toubab Dialao, Sénégal","favorite_border1mois","https://sn.coinafrique.com/annonce/terrains/terrain-yene-4513792"
"1706206181-370","https://sn.coinafrique.com/categorie/terrains?page=4","Terrains 140m²  - grand Dakar","80 000 000CFA","Grand Dakar, Dakar, Sénégal","favorite_border","https://sn.coinafrique.com/annonce/terrains/terrains-140m-grand-dakar-4475918"
"1706206181-371","https://sn.coinafrique.com/categorie/terrains?page=4","Terrain 668 m²  - Point E","801 600 000CFA","Point E, Dakar, Sénégal","favorite_border1mois","https://sn.coinafrique.com/annonce/terrains/terrain-668-m-point-e-4478656"
"1706206181-372","https://sn.coinafrique.com/categorie/terrains?page=4","Terrains 9700 m2 - Ouakam Cité Africa Corniche","1 300 000CFA","Ouakam, Dakar, Sénégal","favorite_border1mois","https://sn.coinafrique.com/annonce/terrains/terrains-9700-m2-ouakam-cite-africa-corniche-4472068"
"1706206181-373","https://sn.coinafrique.com/categorie/terrains?page=4","Terrain - Touba Dindi","4 000 000CFA","Touba, Sénégal","favorite_border1mois","https://sn.coinafrique.com/annonce/terrains/terrain-touba-dindi-4512676"
"1706206181-374","https://sn.coinafrique.com/categorie/terrains?page=4","Terrain 300m²  - Mbour","8 000 000CFA","Mbour, Sénégal","favorite_border1mois","https://sn.coinafrique.com/annonce/terrains/terrain-300m-mbour-4474371"
"1706206181-375","https://sn.coinafrique.com/categorie/terrains?page=4","Terrains 600m²  - Mbour","23 000 000CFA","Mbour, Sénégal","favorite_border1mois","https://sn.coinafrique.com/annonce/terrains/terrains-600m-mbour-4474309"
"1706206181-376","https://sn.coinafrique.com/categorie/terrains?page=4","Terrains 300m²  - Mbour","12 000 000CFA","Mbour, Sénégal","favorite_border1mois","https://sn.coinafrique.com/annonce/terrains/terrains-300m-mbour-4474299"
"1706206185-377","https://sn.coinafrique.com/categorie/terrains?page=3","Terrain 150m² - Zac Mbao","21 000 000CFA","Rufisque, Sénégal","favorite_border20jours","https://sn.coinafrique.com/annonce/terrains/terrain-150m-zac-mbao-4527880"
"1706206185-378","https://sn.coinafrique.com/categorie/terrains?page=3","Terrain - Diass","5 000 000CFA","Thies, Sénégal","favorite_border21jours","https://sn.coinafrique.com/annonce/terrains/terrain-diass-4527496"
"1706206185-379","https://sn.coinafrique.com/categorie/terrains?page=3","Terrain 178m² - Thiaroye","Prix sur demande","Mbao, Dakar, Sénégal","favorite_border21jours","https://sn.coinafrique.com/annonce/terrains/terrain-178m-thiaroye-4527127"
"1706206185-380","https://sn.coinafrique.com/categorie/terrains?page=3","Terrain 500m² - Mbour Malicounda","20 000 000CFA","Saly, Sénégal","favorite_border21jours","https://sn.coinafrique.com/annonce/terrains/terrain-500m-mbour-malicounda-4526955"
"1706206185-381","https://sn.coinafrique.com/categorie/terrains?page=3","Terrains 400m²  - Saly","19 000 000CFA","Saly, Sénégal","favorite_border21jours","https://sn.coinafrique.com/annonce/terrains/terrains-400m-saly-4526782"
"1706206185-382","https://sn.coinafrique.com/categorie/terrains?page=3","Terrain - Warang Mbour","50 000 000CFA","Mbao, Dakar, Sénégal","favorite_border21jours","https://sn.coinafrique.com/annonce/terrains/terrain-warang-mbour-4525956"
"1706206185-383","https://sn.coinafrique.com/categorie/terrains?page=3","Terrain 158 m² - Mbao","23 000 000CFA","Mbao, Dakar, Sénégal","favorite_border21jours","https://sn.coinafrique.com/annonce/terrains/terrain-158-m-mbao-4525869"
"1706206185-384","https://sn.coinafrique.com/categorie/terrains?page=3","Terrain 150 m2 - VDN 3","40 000 000CFA","Dakar, Sénégal","favorite_border21jours","https://sn.coinafrique.com/annonce/terrains/terrain-150-m2-vdn-3-4525867"
"1706206189-385","https://sn.coinafrique.com/categorie/terrains?page=2","Terrain 300m² - Yène Noukhoura","6 500 000CFA","Toubab Dialao, Sénégal","favorite_border12jours","https://sn.coinafrique.com/annonce/terrains/terrain-300m-yene-noukhoura-4500970"
"1706206189-386","https://sn.coinafrique.com/categorie/terrains?page=2","Terrain 600 m²  -Toubab Dialao","14 000 000CFA","Toubab Dialao, Sénégal","favorite_border12jours","https://sn.coinafrique.com/annonce/terrains/terrain-600-m-toubab-dialao-4500959"
"1706206189-387","https://sn.coinafrique.com/categorie/terrains?page=2","Terrain 600m² - Toubab Dialao","14 000 000CFA","Toubab Dialao, Sénégal","favorite_border12jours","https://sn.coinafrique.com/annonce/terrains/terrain-600m-toubab-dialao-4500951"
"1706206189-388","https://sn.coinafrique.com/categorie/terrains?page=2","Terrain 300m²  - Toubab Dialao","8 000 000CFA","Toubab Dialao, Sénégal","favorite_border12jours","https://sn.coinafrique.com/annonce/terrains/terrain-300m-toubab-dialao-4500935"
"1706206189-389","https://sn.coinafrique.com/categorie/terrains?page=2","Terrain 150m²  - Toubab Dialao","4 000 000CFA","Toubab Dialao, Sénégal","favorite_border12jours","https://sn.coinafrique.com/annonce/terrains/terrain-150m-toubab-dialao-4500920"
"1706206189-390","https://sn.coinafrique.com/categorie/terrains?page=2","Terrains - Ndiakhirate","8 000 000CFA","Rufisque, Sénégal","favorite_border12jours","https://sn.coinafrique.com/annonce/terrains/terrains-ndiakhirate-4543321"
"1706206189-391","https://sn.coinafrique.com/categorie/terrains?page=2","Terrain 200m²- Almadies","85 000 000CFA","Dakar, Sénégal","favorite_border13jours","https://sn.coinafrique.com/annonce/terrains/terrain-200m-almadies-4542130"
"1706206189-392","https://sn.coinafrique.com/categorie/terrains?page=2","Vente villas à démolir - Médina","135 000 000CFA","Medina, Dakar, Sénégal","favorite_border13jours","https://sn.coinafrique.com/annonce/terrains/vente-villas-a-demolir-medina-4541677"
"1706206194-393","https://sn.coinafrique.com/categorie/terrains?page=1","Terrain - Ouakam Comico","120 000 000CFA","Ouakam, Dakar, Sénégal","favorite_border2jours","https://sn.coinafrique.com/annonce/terrains/terrain-ouakam-comico-4558912"
"1706206194-394","https://sn.coinafrique.com/categorie/terrains?page=1","Terrain 150m² -300m²  - Diamniadio","5 000 000CFA","Diamniadio, Sénégal","favorite_border2jours","https://sn.coinafrique.com/annonce/terrains/terrain-150m-300m-diamniadio-4515307"
"1706206194-395","https://sn.coinafrique.com/categorie/terrains?page=1","Terrain 150 m2 - Keur Massar","16 000 000CFA","Dakar, Sénégal","favorite_border2jours","https://sn.coinafrique.com/annonce/terrains/terrain-150-m2-keur-massar-4548880"
"1706206194-396","https://sn.coinafrique.com/categorie/terrains?page=1","Terrain 150 m2 - Keur Massar","15 000 000CFA","Dakar, Sénégal","favorite_border2jours","https://sn.coinafrique.com/annonce/terrains/terrain-150-m2-keur-massar-4548851"
"1706206194-397","https://sn.coinafrique.com/categorie/terrains?page=1","Terrain 150 m² - Rufisque sortie 9","15 000 000CFA","Rufisque, Sénégal","favorite_border2jours","https://sn.coinafrique.com/annonce/terrains/terrain-150-m-rufisque-sortie-9-4558515"
"1706206194-398","https://sn.coinafrique.com/categorie/terrains?page=1","Terrain 300m² - Dakar","100 000 000CFA","Dakar, Sénégal","favorite_border2jours","https://sn.coinafrique.com/annonce/terrains/terrain-300m-dakar-4558483"
"1706206194-399","https://sn.coinafrique.com/categorie/terrains?page=1","Terrains 300 m2 - Ndiass","7 000 000CFA","Ndiass, Sénégal","favorite_border2jours","https://sn.coinafrique.com/annonce/terrains/terrains-300-m2-ndiass-4554180"
"1706206194-400","https://sn.coinafrique.com/categorie/terrains?page=1","Terrains 225m²  - Thiès","300 000CFA","Thies, Sénégal","favorite_border2jours","https://sn.coinafrique.com/annonce/terrains/terrains-225m-thies-4558198"
